Workbook

Sheet 일별,주차별(무신사)
D2: 10
D3: 광고 집행일 | E3: =COUNTIFS($C$7:$C1003, "<>0", $B$7:$B1003, "<>") -> 87
B4: * 플랫폼별 효율 | C4: MUSINSA | R4: * 플랫폼별 효율 | S4: MUSINSA
B5: * 일자별 효율 | C5: =SUM(C$7:C1003) -> 5400910 | D5: =SUM(D$7:D1003) -> 104658103 | E5: =IFERROR(D5/C5,0) -> 19.377865 | G5: =SUMIF($A$7:$A$1003,$D$2,G$7:G1003) -> 248743 | H5: =SUMIF($A$7:$A$1003,$D$2,H$7:H1003) -> 7462 | I5: =SUMIF($A$7:$A$1003,$D$2,I$7:I1003) -> 238 | J5: =IFERROR( I5/H5,0) -> 0.031894934 | K5: =IFERROR(H5/G5,0) -> 0.029998834 | N5: =SUMIF($A$7:$A$1003,N$7:N1003) -> 0 | O5: =IFERROR( N5/C5,0) -> 0 | R5: * 주차별 효율 | S5: =SUM(S$7:S1003) -> 5400910 | T5: =SUM(T$7:T1003) -> 104658103 | U5: =IFERROR(T5/S5,0) -> 19.377865 | W5: =SUM(W$7:W1003) -> 1514683 | X5: =SUM(X$7:X1003) -> 36493 | Y5: =IFERROR(X5/W5,0) -> 0.02409283 | AB5: =SUM(AB$7:AB1003) -> 775821631 | AC5: =IFERROR( AB5/S5,0) -> 143.64647
C6: 광고비 | D6: 전환 매출 | E6: 전환율(금액) | F6: DOD | G6: 노출 | H6: 클릭 | I6: 전환 구매 | J6: 클릭대비 구매율 | K6: CTR | L6: DOD | N6: 장바구니 | O6: 미전환율 | S6: 광고비 | T6: 전환 매출 | U6: 전환율 | V6: DOD | W6: 노출 | X6: 클릭 | Y6: CTR | Z6: DOD | AB6: 장바구니 | AC6: 미전환율
A7: =MONTH(B7) -> 3 | B7: =IFERROR(__xludf.DUMMYFUNCTION("SORT(UNIQUE(FILTER('무신사 메타 광고'!D3:D1003,'무신사 메타 광고'!D3:D1003 <> """")))"),46111) -> 46111 | C7: =IF($C$4="", SUMIFS('무신사 메타 광고'!$L:$L, '무신사 메타 광고'!$D:$D, $B7), SUMIFS('무신사 메타 광고'!$L:$L, '무신사 메타 광고'!$I:$I, $C$4, '무신사 메타 광고'!$D:$D, $B7)) -> 10559 | D7: =IF($C$4="", SUMIFS('무신사 메타 광고'!$V:$V, '무신사 메타 광고'!$D:$D, $B7), SUMIFS('무신사 메타 광고'!$V:$V,'무신사 메타 광고'!$I:$I,$C$4,'무신사 메타 광고'!$D:$D,$B7)) -> 0 | E7: =IFERROR(D7/C7,0) -> 0 | G7: =IF($C$4="", SUMIFS('무신사 메타 광고'!$K:$K, '무신사 메타 광고'!$D:$D, $B7), SUMIFS('무신사 메타 광고'!$K:$K,'무신사 메타 광고'!$I:$I,$C$4,'무신사 메타 광고'!D:D,$B7)) -> 2591 | H7: =IF($C$4="", SUMIFS('무신사 메타 광고'!$N:$N, '무신사 메타 광고'!$D:$D, $B7),SUMIFS('무신사 메타 광고'!$N:$N,'무신사 메타 광고'!$I:$I,$C$4,'무신사 메타 광고'!$D:$D,$B7)) -> 39 | I7: =IF($C$4="", SUMIFS('무신사 메타 광고'!$U:$U, '무신사 메타 광고'!$D:$D, $B7),SUMIFS('무신사 메타 광고'!$U:$U,'무신사 메타 광고'!$I:$I,$C$4,'무신사 메타 광고'!$D:$D,$B7)) -> 0 | J7: =IFERROR( I7/H7,0) -> 0 | K7: =IFERROR(H7/G7,0) -> 0.015052103 | L7: =IF( IFERROR(IF(K6=0, 0, (K7 - K6) / K6), 0)=0," ",IFERROR(IF(K6=0, 0, (K7 - K6) / K6), 0)) | N7: =IF($C$4="", SUMIFS('무신사 메타 광고'!$X:$X, '무신사 메타 광고'!$D:$D, $B7),SUMIFS('무신사 메타 광고'!$X:$X,'무신사 메타 광고'!I:I,$C$4,'무신사 메타 광고'!D:D,$B7)) -> 0 | O7: =IFERROR( N7/(N7+D7),0 ) -> 0 | R7: =IFERROR(__xludf.DUMMYFUNCTION("SORT(UNIQUE(FILTER('무신사 메타 광고'!C3:C1003,'무신사 메타 광고'!C3:C1003 <> """")))"),"26년 3월 6주차") -> 26년 3월 6주차 | S7: =IF($S$4="", SUMIFS('무신사 메타 광고'!$L:$L, '무신사 메타 광고'!$C:$C, $R7),SUMIFS('무신사 메타 광고'!$L:$L,'무신사 메타 광고'!$I:$I,$S$4,'무신사 메타 광고'!$C:$C,$R7)) -> 67546 | T7: =IF($S$4="", SUMIFS('무신사 메타 광고'!$V:$V, '무신사 메타 광고'!$C:$C, $R7),SUMIFS('무신사 메타 광고'!$V:$V,'무신사 메타 광고'!$I:$I,$S$4,'무신사 메타 광고'!$C:$C,$R7)) -> 402300 | U7: =IFERROR(T7/S7,0) -> 5.9559411 | W7: =IF($S$4="", SUMIFS('무신사 메타 광고'!$K:$K, '무신사 메타 광고'!$C:$C, $R7),SUMIFS('무신사 메타 광고'!$K:$K,'무신사 메타 광고'!$I:$I,$S$4,'무신사 메타 광고'!$C:$C,$R7)) -> 19190 | X7: =IF($S$4="", SUMIFS('무신사 메타 광고'!$N:$N, '무신사 메타 광고'!$C:$C, $R7),SUMIFS('무신사 메타 광고'!$N:$N,'무신사 메타 광고'!$I:$I,$S$4,'무신사 메타 광고'!$C:$C,$R7)) -> 341 | Y7: =IFERROR(X7/W7,0) -> 0.017769672 | AB7: =IF($S$4="", SUMIFS('무신사 메타 광고'!$X:$X, '무신사 메타 광고'!$C:$C, $R7),SUMIFS('무신사 메타 광고'!$X:$X,'무신사 메타 광고'!$I:$I,$S$4,'무신사 메타 광고'!$C:$C,$R7)) -> 3537550 | AC7: =IFERROR( AB7/(AB7+T7),0 ) -> 0.89788951
A8: =MONTH(B8) -> 3 | B8: =IFERROR(__xludf.DUMMYFUNCTION("""COMPUTED_VALUE"""),46112) -> 46112 | C8: =IF($C$4="", SUMIFS('무신사 메타 광고'!$L:$L, '무신사 메타 광고'!$D:$D, $B8), SUMIFS('무신사 메타 광고'!$L:$L, '무신사 메타 광고'!$I:$I, $C$4, '무신사 메타 광고'!$D:$D, $B8)) -> 56987 | D8: =IF($C$4="", SUMIFS('무신사 메타 광고'!$V:$V, '무신사 메타 광고'!$D:$D, $B8), SUMIFS('무신사 메타 광고'!$V:$V,'무신사 메타 광고'!$I:$I,$C$4,'무신사 메타 광고'!$D:$D,$B8)) -> 402300 | E8: =IFERROR(D8/C8,0) -> 7.0595048 | F8: =IF( IFERROR(IF(E7=0, 0, (E8 - E7) / E7), 0)=0," ",IFERROR(IF(E7=0, 0, (E8 - E7) / E7), 0)) | G8: =IF($C$4="", SUMIFS('무신사 메타 광고'!$K:$K, '무신사 메타 광고'!$D:$D, $B8), SUMIFS('무신사 메타 광고'!$K:$K,'무신사 메타 광고'!$I:$I,$C$4,'무신사 메타 광고'!D:D,$B8)) -> 16599 | H8: =IF($C$4="", SUMIFS('무신사 메타 광고'!$N:$N, '무신사 메타 광고'!$D:$D, $B8),SUMIFS('무신사 메타 광고'!$N:$N,'무신사 메타 광고'!$I:$I,$C$4,'무신사 메타 광고'!$D:$D,$B8)) -> 302 | I8: =IF($C$4="", SUMIFS('무신사 메타 광고'!$U:$U, '무신사 메타 광고'!$D:$D, $B8),SUMIFS('무신사 메타 광고'!$U:$U,'무신사 메타 광고'!$I:$I,$C$4,'무신사 메타 광고'!$D:$D,$B8)) -> 3 | J8: =IFERROR( I8/H8,0) -> 0.0099337748 | K8: =IFERROR(H8/G8,0) -> 0.018193867 | L8: =IF( IFERROR(IF(K7=0, 0, (K8 - K7) / K7), 0)=0," ",IFERROR(IF(K7=0, 0, (K8 - K7) / K7), 0)) -> 0.20872589 | N8: =IF($C$4="", SUMIFS('무신사 메타 광고'!$X:$X, '무신사 메타 광고'!$D:$D, $B8),SUMIFS('무신사 메타 광고'!$X:$X,'무신사 메타 광고'!I:I,$C$4,'무신사 메타 광고'!D:D,$B8)) -> 3537550 | O8: =IFERROR( N8/(N8+D8),0 ) -> 0.89788951 | R8: =IFERROR(__xludf.DUMMYFUNCTION("""COMPUTED_VALUE"""),"26년 4월 1주차") -> 26년 4월 1주차 | S8: =IF($S$4="", SUMIFS('무신사 메타 광고'!$L:$L, '무신사 메타 광고'!$C:$C, $R8),SUMIFS('무신사 메타 광고'!L:L,'무신사 메타 광고'!$I:$I,$S$4,'무신사 메타 광고'!$C:$C,$R8)) -> 183198 | T8: =IF($S$4="", SUMIFS('무신사 메타 광고'!$V:$V, '무신사 메타 광고'!$C:$C, $R8),SUMIFS('무신사 메타 광고'!$V:$V,'무신사 메타 광고'!$I:$I,$S$4,'무신사 메타 광고'!$C:$C,$R8)) -> 2650950 | U8: =IFERROR(T8/S8,0) -> 14.470409 | V8: =IF( IFERROR(IF(U7=0, 0, (U8 - U7) / U7), 0)=0," ",IFERROR(IF(U7=0, 0, (U8 - U7) / U7), 0)) -> 1.4295756 | W8: =IF($S$4="", SUMIFS('무신사 메타 광고'!$K:$K, '무신사 메타 광고'!$C:$C, $R8),SUMIFS('무신사 메타 광고'!$K:$K,'무신사 메타 광고'!$I:$I,$S$4,'무신사 메타 광고'!$C:$C,$R8)) -> 62927 | X8: =IF($S$4="", SUMIFS('무신사 메타 광고'!$N:$N, '무신사 메타 광고'!$C:$C, $R8),SUMIFS('무신사 메타 광고'!$N:$N,'무신사 메타 광고'!$I:$I,$S$4,'무신사 메타 광고'!$C:$C,$R8)) -> 984 | Y8: =IFERROR(X8/W8,0) -> 0.015637167 | Z8: =IF( IFERROR(IF(Y7=0, 0, (Y8 - Y7) / Y7), 0)=0," ",IFERROR(IF(Y7=0, 0, (Y8 - Y7) / Y7), 0)) -> -0.12000812 | AB8: =IF($S$4="", SUMIFS('무신사 메타 광고'!$X:$X, '무신사 메타 광고'!$C:$C, $R8),SUMIFS('무신사 메타 광고'!$X:$X,'무신사 메타 광고'!$I:$I,$S$4,'무신사 메타 광고'!$C:$C,$R8)) -> 16166900 | AC8: =IFERROR( AB8/(AB8+T8),0 ) -> 0.85912578
A9: =MONTH(B9) -> 4 | B9: =IFERROR(__xludf.DUMMYFUNCTION("""COMPUTED_VALUE"""),46113) -> 46113 | C9: =IF($C$4="", SUMIFS('무신사 메타 광고'!$L:$L, '무신사 메타 광고'!$D:$D, $B9), SUMIFS('무신사 메타 광고'!$L:$L, '무신사 메타 광고'!$I:$I, $C$4, '무신사 메타 광고'!$D:$D, $B9)) -> 38018 | D9: =IF($C$4="", SUMIFS('무신사 메타 광고'!$V:$V, '무신사 메타 광고'!$D:$D, $B9), SUMIFS('무신사 메타 광고'!$V:$V,'무신사 메타 광고'!$I:$I,$C$4,'무신사 메타 광고'!$D:$D,$B9)) -> 517800 | E9: =IFERROR(D9/C9,0) -> 13.619864 | F9: =IF( IFERROR(IF(E8=0, 0, (E9 - E8) / E8), 0)=0," ",IFERROR(IF(E8=0, 0, (E9 - E8) / E8), 0)) -> 0.92929457 | G9: =IF($C$4="", SUMIFS('무신사 메타 광고'!$K:$K, '무신사 메타 광고'!$D:$D, $B9), SUMIFS('무신사 메타 광고'!$K:$K,'무신사 메타 광고'!$I:$I,$C$4,'무신사 메타 광고'!D:D,$B9)) -> 12306 | H9: =IF($C$4="", SUMIFS('무신사 메타 광고'!$N:$N, '무신사 메타 광고'!$D:$D, $B9),SUMIFS('무신사 메타 광고'!$N:$N,'무신사 메타 광고'!$I:$I,$C$4,'무신사 메타 광고'!$D:$D,$B9)) -> 213 | I9: =IF($C$4="", SUMIFS('무신사 메타 광고'!$U:$U, '무신사 메타 광고'!$D:$D, $B9),SUMIFS('무신사 메타 광고'!$U:$U,'무신사 메타 광고'!$I:$I,$C$4,'무신사 메타 광고'!$D:$D,$B9)) -> 4 | J9: =IFERROR( I9/H9,0) -> 0.018779343 | K9: =IFERROR(H9/G9,0) -> 0.01730863 | L9: =IF( IFERROR(IF(K8=0, 0, (K9 - K8) / K8), 0)=0," ",IFERROR(IF(K8=0, 0, (K9 - K8) / K8), 0)) -> -0.0486558 | N9: =IF($C$4="", SUMIFS('무신사 메타 광고'!$X:$X, '무신사 메타 광고'!$D:$D, $B9),SUMIFS('무신사 메타 광고'!$X:$X,'무신사 메타 광고'!I:I,$C$4,'무신사 메타 광고'!D:D,$B9)) -> 573350 | O9: =IFERROR( N9/(N9+D9),0 ) -> 0.5254548 | R9: =IFERROR(__xludf.DUMMYFUNCTION("""COMPUTED_VALUE"""),"26년 4월 2주차") -> 26년 4월 2주차 | S9: =IF($S$4="", SUMIFS('무신사 메타 광고'!$L:$L, '무신사 메타 광고'!$C:$C, $R9),SUMIFS('무신사 메타 광고'!L:L,'무신사 메타 광고'!$I:$I,$S$4,'무신사 메타 광고'!$C:$C,$R9)) -> 280943 | T9: =IF($S$4="", SUMIFS('무신사 메타 광고'!$V:$V, '무신사 메타 광고'!$C:$C, $R9),SUMIFS('무신사 메타 광고'!$V:$V,'무신사 메타 광고'!$I:$I,$S$4,'무신사 메타 광고'!$C:$C,$R9)) -> 9366900 | U9: =IFERROR(T9/S9,0) -> 33.340927 | V9: =IF( IFERROR(IF(U8=0, 0, (U9 - U8) / U8), 0)=0," ",IFERROR(IF(U8=0, 0, (U9 - U8) / U8), 0)) -> 1.3040763 | W9: =IF($S$4="", SUMIFS('무신사 메타 광고'!$K:$K, '무신사 메타 광고'!$C:$C, $R9),SUMIFS('무신사 메타 광고'!$K:$K,'무신사 메타 광고'!$I:$I,$S$4,'무신사 메타 광고'!$C:$C,$R9)) -> 83052 | X9: =IF($S$4="", SUMIFS('무신사 메타 광고'!$N:$N, '무신사 메타 광고'!$C:$C, $R9),SUMIFS('무신사 메타 광고'!$N:$N,'무신사 메타 광고'!$I:$I,$S$4,'무신사 메타 광고'!$C:$C,$R9)) -> 1393 | Y9: =IFERROR(X9/W9,0) -> 0.016772624 | Z9: =IF( IFERROR(IF(Y8=0, 0, (Y9 - Y8) / Y8), 0)=0," ",IFERROR(IF(Y8=0, 0, (Y9 - Y8) / Y8), 0)) -> 0.072612738 | AB9: =IF($S$4="", SUMIFS('무신사 메타 광고'!$X:$X, '무신사 메타 광고'!$C:$C, $R9),SUMIFS('무신사 메타 광고'!$X:$X,'무신사 메타 광고'!$I:$I,$S$4,'무신사 메타 광고'!$C:$C,$R9)) -> 42064950 | AC9: =IFERROR( AB9/(AB9+T9),0 ) -> 0.81787744
A10: =MONTH(B10) -> 4 | B10: =IFERROR(__xludf.DUMMYFUNCTION("""COMPUTED_VALUE"""),46114) -> 46114 | C10: =IF($C$4="", SUMIFS('무신사 메타 광고'!$L:$L, '무신사 메타 광고'!$D:$D, $B10), SUMIFS('무신사 메타 광고'!$L:$L, '무신사 메타 광고'!$I:$I, $C$4, '무신사 메타 광고'!$D:$D, $B10)) -> 33267 | D10: =IF($C$4="", SUMIFS('무신사 메타 광고'!$V:$V, '무신사 메타 광고'!$D:$D, $B10), SUMIFS('무신사 메타 광고'!$V:$V,'무신사 메타 광고'!$I:$I,$C$4,'무신사 메타 광고'!$D:$D,$B10)) -> 299850 | E10: =IFERROR(D10/C10,0) -> 9.0134367 | F10: =IF( IFERROR(IF(E9=0, 0, (E10 - E9) / E9), 0)=0," ",IFERROR(IF(E9=0, 0, (E10 - E9) / E9), 0)) -> -0.33821391 | G10: =IF($C$4="", SUMIFS('무신사 메타 광고'!$K:$K, '무신사 메타 광고'!$D:$D, $B10), SUMIFS('무신사 메타 광고'!$K:$K,'무신사 메타 광고'!$I:$I,$C$4,'무신사 메타 광고'!D:D,$B10)) -> 10528 | H10: =IF($C$4="", SUMIFS('무신사 메타 광고'!$N:$N, '무신사 메타 광고'!$D:$D, $B10),SUMIFS('무신사 메타 광고'!$N:$N,'무신사 메타 광고'!$I:$I,$C$4,'무신사 메타 광고'!$D:$D,$B10)) -> 194 | I10: =IF($C$4="", SUMIFS('무신사 메타 광고'!$U:$U, '무신사 메타 광고'!$D:$D, $B10),SUMIFS('무신사 메타 광고'!$U:$U,'무신사 메타 광고'!$I:$I,$C$4,'무신사 메타 광고'!$D:$D,$B10)) -> 4 | J10: =IFERROR( I10/H10,0) -> 0.020618557 | K10: =IFERROR(H10/G10,0) -> 0.018427052 | L10: =IF( IFERROR(IF(K9=0, 0, (K10 - K9) / K9), 0)=0," ",IFERROR(IF(K9=0, 0, (K10 - K9) / K9), 0)) -> 0.064616422 | N10: =IF($C$4="", SUMIFS('무신사 메타 광고'!$X:$X, '무신사 메타 광고'!$D:$D, $B10),SUMIFS('무신사 메타 광고'!$X:$X,'무신사 메타 광고'!I:I,$C$4,'무신사 메타 광고'!D:D,$B10)) -> 2770050 | O10: =IFERROR( N10/(N10+D10),0 ) -> 0.90232581 | R10: =IFERROR(__xludf.DUMMYFUNCTION("""COMPUTED_VALUE"""),"26년 4월 3주차") -> 26년 4월 3주차 | S10: =IF($S$4="", SUMIFS('무신사 메타 광고'!$L:$L, '무신사 메타 광고'!$C:$C, $R10),SUMIFS('무신사 메타 광고'!L:L,'무신사 메타 광고'!$I:$I,$S$4,'무신사 메타 광고'!$C:$C,$R10)) -> 342136 | T10: =IF($S$4="", SUMIFS('무신사 메타 광고'!$V:$V, '무신사 메타 광고'!$C:$C, $R10),SUMIFS('무신사 메타 광고'!$V:$V,'무신사 메타 광고'!$I:$I,$S$4,'무신사 메타 광고'!$C:$C,$R10)) -> 9040200 | U10: =IFERROR(T10/S10,0) -> 26.422826 | V10: =IF( IFERROR(IF(U9=0, 0, (U10 - U9) / U9), 0)=0," ",IFERROR(IF(U9=0, 0, (U10 - U9) / U9), 0)) -> -0.20749576 | W10: =IF($S$4="", SUMIFS('무신사 메타 광고'!$K:$K, '무신사 메타 광고'!$C:$C, $R10),SUMIFS('무신사 메타 광고'!$K:$K,'무신사 메타 광고'!$I:$I,$S$4,'무신사 메타 광고'!$C:$C,$R10)) -> 92075 | X10: =IF($S$4="", SUMIFS('무신사 메타 광고'!$N:$N, '무신사 메타 광고'!$C:$C, $R10),SUMIFS('무신사 메타 광고'!$N:$N,'무신사 메타 광고'!$I:$I,$S$4,'무신사 메타 광고'!$C:$C,$R10)) -> 1977 | Y10: =IFERROR(X10/W10,0) -> 0.021471626 | Z10: =IF( IFERROR(IF(Y9=0, 0, (Y10 - Y9) / Y9), 0)=0," ",IFERROR(IF(Y9=0, 0, (Y10 - Y9) / Y9), 0)) -> 0.28015902 | AB10: =IF($S$4="", SUMIFS('무신사 메타 광고'!$X:$X, '무신사 메타 광고'!$C:$C, $R10),SUMIFS('무신사 메타 광고'!$X:$X,'무신사 메타 광고'!$I:$I,$S$4,'무신사 메타 광고'!$C:$C,$R10)) -> 91230587 | AC10: =IFERROR( AB10/(AB10+T10),0 ) -> 0.90984214
A11: =MONTH(B11) -> 4 | B11: =IFERROR(__xludf.DUMMYFUNCTION("""COMPUTED_VALUE"""),46115) -> 46115 | C11: =IF($C$4="", SUMIFS('무신사 메타 광고'!$L:$L, '무신사 메타 광고'!$D:$D, $B11), SUMIFS('무신사 메타 광고'!$L:$L, '무신사 메타 광고'!$I:$I, $C$4, '무신사 메타 광고'!$D:$D, $B11)) -> 34213 | D11: =IF($C$4="", SUMIFS('무신사 메타 광고'!$V:$V, '무신사 메타 광고'!$D:$D, $B11), SUMIFS('무신사 메타 광고'!$V:$V,'무신사 메타 광고'!$I:$I,$C$4,'무신사 메타 광고'!$D:$D,$B11)) -> 288900 | E11: =IFERROR(D11/C11,0) -> 8.4441587 | F11: =IF( IFERROR(IF(E10=0, 0, (E11 - E10) / E10), 0)=0," ",IFERROR(IF(E10=0, 0, (E11 - E10) / E10), 0)) -> -0.063158826 | G11: =IF($C$4="", SUMIFS('무신사 메타 광고'!$K:$K, '무신사 메타 광고'!$D:$D, $B11), SUMIFS('무신사 메타 광고'!$K:$K,'무신사 메타 광고'!$I:$I,$C$4,'무신사 메타 광고'!D:D,$B11)) -> 12303 | H11: =IF($C$4="", SUMIFS('무신사 메타 광고'!$N:$N, '무신사 메타 광고'!$D:$D, $B11),SUMIFS('무신사 메타 광고'!$N:$N,'무신사 메타 광고'!$I:$I,$C$4,'무신사 메타 광고'!$D:$D,$B11)) -> 166 | I11: =IF($C$4="", SUMIFS('무신사 메타 광고'!$U:$U, '무신사 메타 광고'!$D:$D, $B11),SUMIFS('무신사 메타 광고'!$U:$U,'무신사 메타 광고'!$I:$I,$C$4,'무신사 메타 광고'!$D:$D,$B11)) -> 3 | J11: =IFERROR( I11/H11,0) -> 0.018072289 | K11: =IFERROR(H11/G11,0) -> 0.013492644 | L11: =IF( IFERROR(IF(K10=0, 0, (K11 - K10) / K10), 0)=0," ",IFERROR(IF(K10=0, 0, (K11 - K10) / K10), 0)) -> -0.26778064 | N11: =IF($C$4="", SUMIFS('무신사 메타 광고'!$X:$X, '무신사 메타 광고'!$D:$D, $B11),SUMIFS('무신사 메타 광고'!$X:$X,'무신사 메타 광고'!I:I,$C$4,'무신사 메타 광고'!D:D,$B11)) -> 2613300 | O11: =IFERROR( N11/(N11+D11),0 ) -> 0.90045483 | R11: =IFERROR(__xludf.DUMMYFUNCTION("""COMPUTED_VALUE"""),"26년 4월 4주차") -> 26년 4월 4주차 | S11: =IF($S$4="", SUMIFS('무신사 메타 광고'!$L:$L, '무신사 메타 광고'!$C:$C, $R11),SUMIFS('무신사 메타 광고'!L:L,'무신사 메타 광고'!$I:$I,$S$4,'무신사 메타 광고'!$C:$C,$R11)) -> 425188 | T11: =IF($S$4="", SUMIFS('무신사 메타 광고'!$V:$V, '무신사 메타 광고'!$C:$C, $R11),SUMIFS('무신사 메타 광고'!$V:$V,'무신사 메타 광고'!$I:$I,$S$4,'무신사 메타 광고'!$C:$C,$R11)) -> 6182050 | U11: =IFERROR(T11/S11,0) -> 14.539568 | V11: =IF( IFERROR(IF(U10=0, 0, (U11 - U10) / U10), 0)=0," ",IFERROR(IF(U10=0, 0, (U11 - U10) / U10), 0)) -> -0.44973454 | W11: =IF($S$4="", SUMIFS('무신사 메타 광고'!$K:$K, '무신사 메타 광고'!$C:$C, $R11),SUMIFS('무신사 메타 광고'!$K:$K,'무신사 메타 광고'!$I:$I,$S$4,'무신사 메타 광고'!$C:$C,$R11)) -> 130204 | X11: =IF($S$4="", SUMIFS('무신사 메타 광고'!$N:$N, '무신사 메타 광고'!$C:$C, $R11),SUMIFS('무신사 메타 광고'!$N:$N,'무신사 메타 광고'!$I:$I,$S$4,'무신사 메타 광고'!$C:$C,$R11)) -> 3420 | Y11: =IFERROR(X11/W11,0) -> 0.026266474 | Z11: =IF( IFERROR(IF(Y10=0, 0, (Y11 - Y10) / Y10), 0)=0," ",IFERROR(IF(Y10=0, 0, (Y11 - Y10) / Y10), 0)) -> 0.22331088 | AB11: =IF($S$4="", SUMIFS('무신사 메타 광고'!$X:$X, '무신사 메타 광고'!$C:$C, $R11),SUMIFS('무신사 메타 광고'!$X:$X,'무신사 메타 광고'!$I:$I,$S$4,'무신사 메타 광고'!$C:$C,$R11)) -> 69550718 | AC11: =IFERROR( AB11/(AB11+T11),0 ) -> 0.91837021
A12: =MONTH(B12) -> 4 | B12: =IFERROR(__xludf.DUMMYFUNCTION("""COMPUTED_VALUE"""),46116) -> 46116 | C12: =IF($C$4="", SUMIFS('무신사 메타 광고'!$L:$L, '무신사 메타 광고'!$D:$D, $B12), SUMIFS('무신사 메타 광고'!$L:$L, '무신사 메타 광고'!$I:$I, $C$4, '무신사 메타 광고'!$D:$D, $B12)) -> 40265 | D12: =IF($C$4="", SUMIFS('무신사 메타 광고'!$V:$V, '무신사 메타 광고'!$D:$D, $B12), SUMIFS('무신사 메타 광고'!$V:$V,'무신사 메타 광고'!$I:$I,$C$4,'무신사 메타 광고'!$D:$D,$B12)) -> 705600 | E12: =IFERROR(D12/C12,0) -> 17.523904 | F12: =IF( IFERROR(IF(E11=0, 0, (E12 - E11) / E11), 0)=0," ",IFERROR(IF(E11=0, 0, (E12 - E11) / E11), 0)) -> 1.0752694 | G12: =IF($C$4="", SUMIFS('무신사 메타 광고'!$K:$K, '무신사 메타 광고'!$D:$D, $B12), SUMIFS('무신사 메타 광고'!$K:$K,'무신사 메타 광고'!$I:$I,$C$4,'무신사 메타 광고'!D:D,$B12)) -> 14446 | H12: =IF($C$4="", SUMIFS('무신사 메타 광고'!$N:$N, '무신사 메타 광고'!$D:$D, $B12),SUMIFS('무신사 메타 광고'!$N:$N,'무신사 메타 광고'!$I:$I,$C$4,'무신사 메타 광고'!$D:$D,$B12)) -> 178 | I12: =IF($C$4="", SUMIFS('무신사 메타 광고'!$U:$U, '무신사 메타 광고'!$D:$D, $B12),SUMIFS('무신사 메타 광고'!$U:$U,'무신사 메타 광고'!$I:$I,$C$4,'무신사 메타 광고'!$D:$D,$B12)) -> 5 | J12: =IFERROR( I12/H12,0) -> 0.028089888 | K12: =IFERROR(H12/G12,0) -> 0.01232175 | L12: =IF( IFERROR(IF(K11=0, 0, (K12 - K11) / K11), 0)=0," ",IFERROR(IF(K11=0, 0, (K12 - K11) / K11), 0)) -> -0.086780182 | N12: =IF($C$4="", SUMIFS('무신사 메타 광고'!$X:$X, '무신사 메타 광고'!$D:$D, $B12),SUMIFS('무신사 메타 광고'!$X:$X,'무신사 메타 광고'!I:I,$C$4,'무신사 메타 광고'!D:D,$B12)) -> 4498800 | O12: =IFERROR( N12/(N12+D12),0 ) -> 0.86442241 | R12: =IFERROR(__xludf.DUMMYFUNCTION("""COMPUTED_VALUE"""),"26년 4월 5주차") -> 26년 4월 5주차 | S12: =IF($S$4="", SUMIFS('무신사 메타 광고'!$L:$L, '무신사 메타 광고'!$C:$C, $R12),SUMIFS('무신사 메타 광고'!L:L,'무신사 메타 광고'!$I:$I,$S$4,'무신사 메타 광고'!$C:$C,$R12)) -> 238424 | T12: =IF($S$4="", SUMIFS('무신사 메타 광고'!$V:$V, '무신사 메타 광고'!$C:$C, $R12),SUMIFS('무신사 메타 광고'!$V:$V,'무신사 메타 광고'!$I:$I,$S$4,'무신사 메타 광고'!$C:$C,$R12)) -> 8232950 | U12: =IFERROR(T12/S12,0) -> 34.53071 | V12: =IF( IFERROR(IF(U11=0, 0, (U12 - U11) / U11), 0)=0," ",IFERROR(IF(U11=0, 0, (U12 - U11) / U11), 0)) -> 1.3749474 | W12: =IF($S$4="", SUMIFS('무신사 메타 광고'!$K:$K, '무신사 메타 광고'!$C:$C, $R12),SUMIFS('무신사 메타 광고'!$K:$K,'무신사 메타 광고'!$I:$I,$S$4,'무신사 메타 광고'!$C:$C,$R12)) -> 71010 | X12: =IF($S$4="", SUMIFS('무신사 메타 광고'!$N:$N, '무신사 메타 광고'!$C:$C, $R12),SUMIFS('무신사 메타 광고'!$N:$N,'무신사 메타 광고'!$I:$I,$S$4,'무신사 메타 광고'!$C:$C,$R12)) -> 2024 | Y12: =IFERROR(X12/W12,0) -> 0.028503028 | Z12: =IF( IFERROR(IF(Y11=0, 0, (Y12 - Y11) / Y11), 0)=0," ",IFERROR(IF(Y11=0, 0, (Y12 - Y11) / Y11), 0)) -> 0.085148604 | AB12: =IF($S$4="", SUMIFS('무신사 메타 광고'!$X:$X, '무신사 메타 광고'!$C:$C, $R12),SUMIFS('무신사 메타 광고'!$X:$X,'무신사 메타 광고'!$I:$I,$S$4,'무신사 메타 광고'!$C:$C,$R12)) -> 42718350 | AC12: =IFERROR( AB12/(AB12+T12),0 ) -> 0.83841531
A13: =MONTH(B13) -> 4 | B13: =IFERROR(__xludf.DUMMYFUNCTION("""COMPUTED_VALUE"""),46117) -> 46117 | C13: =IF($C$4="", SUMIFS('무신사 메타 광고'!$L:$L, '무신사 메타 광고'!$D:$D, $B13), SUMIFS('무신사 메타 광고'!$L:$L, '무신사 메타 광고'!$I:$I, $C$4, '무신사 메타 광고'!$D:$D, $B13)) -> 37435 | D13: =IF($C$4="", SUMIFS('무신사 메타 광고'!$V:$V, '무신사 메타 광고'!$D:$D, $B13), SUMIFS('무신사 메타 광고'!$V:$V,'무신사 메타 광고'!$I:$I,$C$4,'무신사 메타 광고'!$D:$D,$B13)) -> 838800 | E13: =IFERROR(D13/C13,0) -> 22.406839 | F13: =IF( IFERROR(IF(E12=0, 0, (E13 - E12) / E12), 0)=0," ",IFERROR(IF(E12=0, 0, (E13 - E12) / E12), 0)) -> 0.27864421 | G13: =IF($C$4="", SUMIFS('무신사 메타 광고'!$K:$K, '무신사 메타 광고'!$D:$D, $B13), SUMIFS('무신사 메타 광고'!$K:$K,'무신사 메타 광고'!$I:$I,$C$4,'무신사 메타 광고'!D:D,$B13)) -> 13344 | H13: =IF($C$4="", SUMIFS('무신사 메타 광고'!$N:$N, '무신사 메타 광고'!$D:$D, $B13),SUMIFS('무신사 메타 광고'!$N:$N,'무신사 메타 광고'!$I:$I,$C$4,'무신사 메타 광고'!$D:$D,$B13)) -> 233 | I13: =IF($C$4="", SUMIFS('무신사 메타 광고'!$U:$U, '무신사 메타 광고'!$D:$D, $B13),SUMIFS('무신사 메타 광고'!$U:$U,'무신사 메타 광고'!$I:$I,$C$4,'무신사 메타 광고'!$D:$D,$B13)) -> 9 | J13: =IFERROR( I13/H13,0) -> 0.038626609 | K13: =IFERROR(H13/G13,0) -> 0.017461031 | L13: =IF( IFERROR(IF(K12=0, 0, (K13 - K12) / K12), 0)=0," ",IFERROR(IF(K12=0, 0, (K13 - K12) / K12), 0)) -> 0.4170902 | N13: =IF($C$4="", SUMIFS('무신사 메타 광고'!$X:$X, '무신사 메타 광고'!$D:$D, $B13),SUMIFS('무신사 메타 광고'!$X:$X,'무신사 메타 광고'!I:I,$C$4,'무신사 메타 광고'!D:D,$B13)) -> 5711400 | O13: =IFERROR( N13/(N13+D13),0 ) -> 0.87194284 | R13: =IFERROR(__xludf.DUMMYFUNCTION("""COMPUTED_VALUE"""),"26년 5월 1주차") -> 26년 5월 1주차 | S13: =IF($S$4="", SUMIFS('무신사 메타 광고'!$L:$L, '무신사 메타 광고'!$C:$C, $R13),SUMIFS('무신사 메타 광고'!L:L,'무신사 메타 광고'!$I:$I,$S$4,'무신사 메타 광고'!$C:$C,$R13)) -> 178537 | T13: =IF($S$4="", SUMIFS('무신사 메타 광고'!$V:$V, '무신사 메타 광고'!$C:$C, $R13),SUMIFS('무신사 메타 광고'!$V:$V,'무신사 메타 광고'!$I:$I,$S$4,'무신사 메타 광고'!$C:$C,$R13)) -> 1833300 | U13: =IFERROR(T13/S13,0) -> 10.26846 | V13: =IF( IFERROR(IF(U12=0, 0, (U13 - U12) / U12), 0)=0," ",IFERROR(IF(U12=0, 0, (U13 - U12) / U12), 0)) -> -0.70262819 | W13: =IF($S$4="", SUMIFS('무신사 메타 광고'!$K:$K, '무신사 메타 광고'!$C:$C, $R13),SUMIFS('무신사 메타 광고'!$K:$K,'무신사 메타 광고'!$I:$I,$S$4,'무신사 메타 광고'!$C:$C,$R13)) -> 63197 | X13: =IF($S$4="", SUMIFS('무신사 메타 광고'!$N:$N, '무신사 메타 광고'!$C:$C, $R13),SUMIFS('무신사 메타 광고'!$N:$N,'무신사 메타 광고'!$I:$I,$S$4,'무신사 메타 광고'!$C:$C,$R13)) -> 1116 | Y13: =IFERROR(X13/W13,0) -> 0.017659066 | Z13: =IF( IFERROR(IF(Y12=0, 0, (Y13 - Y12) / Y12), 0)=0," ",IFERROR(IF(Y12=0, 0, (Y13 - Y12) / Y12), 0)) -> -0.38044946 | AB13: =IF($S$4="", SUMIFS('무신사 메타 광고'!$X:$X, '무신사 메타 광고'!$C:$C, $R13),SUMIFS('무신사 메타 광고'!$X:$X,'무신사 메타 광고'!$I:$I,$S$4,'무신사 메타 광고'!$C:$C,$R13)) -> 15156050 | AC13: =IFERROR( AB13/(AB13+T13),0 ) -> 0.89209122
A14: =MONTH(B14) -> 4 | B14: =IFERROR(__xludf.DUMMYFUNCTION("""COMPUTED_VALUE"""),46118) -> 46118 | C14: =IF($C$4="", SUMIFS('무신사 메타 광고'!$L:$L, '무신사 메타 광고'!$D:$D, $B14), SUMIFS('무신사 메타 광고'!$L:$L, '무신사 메타 광고'!$I:$I, $C$4, '무신사 메타 광고'!$D:$D, $B14)) -> 42728 | D14: =IF($C$4="", SUMIFS('무신사 메타 광고'!$V:$V, '무신사 메타 광고'!$D:$D, $B14), SUMIFS('무신사 메타 광고'!$V:$V,'무신사 메타 광고'!$I:$I,$C$4,'무신사 메타 광고'!$D:$D,$B14)) -> 2371500 | E14: =IFERROR(D14/C14,0) -> 55.502247 | F14: =IF( IFERROR(IF(E13=0, 0, (E14 - E13) / E13), 0)=0," ",IFERROR(IF(E13=0, 0, (E14 - E13) / E13), 0)) -> 1.4770227 | G14: =IF($C$4="", SUMIFS('무신사 메타 광고'!$K:$K, '무신사 메타 광고'!$D:$D, $B14), SUMIFS('무신사 메타 광고'!$K:$K,'무신사 메타 광고'!$I:$I,$C$4,'무신사 메타 광고'!D:D,$B14)) -> 15234 | H14: =IF($C$4="", SUMIFS('무신사 메타 광고'!$N:$N, '무신사 메타 광고'!$D:$D, $B14),SUMIFS('무신사 메타 광고'!$N:$N,'무신사 메타 광고'!$I:$I,$C$4,'무신사 메타 광고'!$D:$D,$B14)) -> 231 | I14: =IF($C$4="", SUMIFS('무신사 메타 광고'!$U:$U, '무신사 메타 광고'!$D:$D, $B14),SUMIFS('무신사 메타 광고'!$U:$U,'무신사 메타 광고'!$I:$I,$C$4,'무신사 메타 광고'!$D:$D,$B14)) -> 17 | J14: =IFERROR( I14/H14,0) -> 0.073593074 | K14: =IFERROR(H14/G14,0) -> 0.01516345 | L14: =IF( IFERROR(IF(K13=0, 0, (K14 - K13) / K13), 0)=0," ",IFERROR(IF(K13=0, 0, (K14 - K13) / K13), 0)) -> -0.13158335 | N14: =IF($C$4="", SUMIFS('무신사 메타 광고'!$X:$X, '무신사 메타 광고'!$D:$D, $B14),SUMIFS('무신사 메타 광고'!$X:$X,'무신사 메타 광고'!I:I,$C$4,'무신사 메타 광고'!D:D,$B14)) -> 3280650 | O14: =IFERROR( N14/(N14+D14),0 ) -> 0.58042515 | R14: =IFERROR(__xludf.DUMMYFUNCTION("""COMPUTED_VALUE"""),"26년 5월 2주차") -> 26년 5월 2주차 | S14: =IF($S$4="", SUMIFS('무신사 메타 광고'!$L:$L, '무신사 메타 광고'!$C:$C, $R14),SUMIFS('무신사 메타 광고'!L:L,'무신사 메타 광고'!$I:$I,$S$4,'무신사 메타 광고'!$C:$C,$R14)) -> 415285 | T14: =IF($S$4="", SUMIFS('무신사 메타 광고'!$V:$V, '무신사 메타 광고'!$C:$C, $R14),SUMIFS('무신사 메타 광고'!$V:$V,'무신사 메타 광고'!$I:$I,$S$4,'무신사 메타 광고'!$C:$C,$R14)) -> 7511400 | U14: =IFERROR(T14/S14,0) -> 18.087338 | V14: =IF( IFERROR(IF(U13=0, 0, (U14 - U13) / U13), 0)=0," ",IFERROR(IF(U13=0, 0, (U14 - U13) / U13), 0)) -> 0.76144602 | W14: =IF($S$4="", SUMIFS('무신사 메타 광고'!$K:$K, '무신사 메타 광고'!$C:$C, $R14),SUMIFS('무신사 메타 광고'!$K:$K,'무신사 메타 광고'!$I:$I,$S$4,'무신사 메타 광고'!$C:$C,$R14)) -> 130556 | X14: =IF($S$4="", SUMIFS('무신사 메타 광고'!$N:$N, '무신사 메타 광고'!$C:$C, $R14),SUMIFS('무신사 메타 광고'!$N:$N,'무신사 메타 광고'!$I:$I,$S$4,'무신사 메타 광고'!$C:$C,$R14)) -> 3592 | Y14: =IFERROR(X14/W14,0) -> 0.027513098 | Z14: =IF( IFERROR(IF(Y13=0, 0, (Y14 - Y13) / Y13), 0)=0," ",IFERROR(IF(Y13=0, 0, (Y14 - Y13) / Y13), 0)) -> 0.55801545 | AB14: =IF($S$4="", SUMIFS('무신사 메타 광고'!$X:$X, '무신사 메타 광고'!$C:$C, $R14),SUMIFS('무신사 메타 광고'!$X:$X,'무신사 메타 광고'!$I:$I,$S$4,'무신사 메타 광고'!$C:$C,$R14)) -> 83946200 | AC14: =IFERROR( AB14/(AB14+T14),0 ) -> 0.91787014
A15: =MONTH(B15) -> 4 | B15: =IFERROR(__xludf.DUMMYFUNCTION("""COMPUTED_VALUE"""),46119) -> 46119 | C15: =IF($C$4="", SUMIFS('무신사 메타 광고'!$L:$L, '무신사 메타 광고'!$D:$D, $B15), SUMIFS('무신사 메타 광고'!$L:$L, '무신사 메타 광고'!$I:$I, $C$4, '무신사 메타 광고'!$D:$D, $B15)) -> 42728 | D15: =IF($C$4="", SUMIFS('무신사 메타 광고'!$V:$V, '무신사 메타 광고'!$D:$D, $B15), SUMIFS('무신사 메타 광고'!$V:$V,'무신사 메타 광고'!$I:$I,$C$4,'무신사 메타 광고'!$D:$D,$B15)) -> 1170900 | E15: =IFERROR(D15/C15,0) -> 27.403576 | F15: =IF( IFERROR(IF(E14=0, 0, (E15 - E14) / E14), 0)=0," ",IFERROR(IF(E14=0, 0, (E15 - E14) / E14), 0)) -> -0.50626186 | G15: =IF($C$4="", SUMIFS('무신사 메타 광고'!$K:$K, '무신사 메타 광고'!$D:$D, $B15), SUMIFS('무신사 메타 광고'!$K:$K,'무신사 메타 광고'!$I:$I,$C$4,'무신사 메타 광고'!D:D,$B15)) -> 14736 | H15: =IF($C$4="", SUMIFS('무신사 메타 광고'!$N:$N, '무신사 메타 광고'!$D:$D, $B15),SUMIFS('무신사 메타 광고'!$N:$N,'무신사 메타 광고'!$I:$I,$C$4,'무신사 메타 광고'!$D:$D,$B15)) -> 229 | I15: =IF($C$4="", SUMIFS('무신사 메타 광고'!$U:$U, '무신사 메타 광고'!$D:$D, $B15),SUMIFS('무신사 메타 광고'!$U:$U,'무신사 메타 광고'!$I:$I,$C$4,'무신사 메타 광고'!$D:$D,$B15)) -> 9 | J15: =IFERROR( I15/H15,0) -> 0.03930131 | K15: =IFERROR(H15/G15,0) -> 0.015540174 | L15: =IF( IFERROR(IF(K14=0, 0, (K15 - K14) / K14), 0)=0," ",IFERROR(IF(K14=0, 0, (K15 - K14) / K14), 0)) -> 0.024844184 | N15: =IF($C$4="", SUMIFS('무신사 메타 광고'!$X:$X, '무신사 메타 광고'!$D:$D, $B15),SUMIFS('무신사 메타 광고'!$X:$X,'무신사 메타 광고'!I:I,$C$4,'무신사 메타 광고'!D:D,$B15)) -> 6283800 | O15: =IFERROR( N15/(N15+D15),0 ) -> 0.84293131 | R15: =IFERROR(__xludf.DUMMYFUNCTION("""COMPUTED_VALUE"""),"26년 5월 3주차") -> 26년 5월 3주차 | S15: =IF($S$4="", SUMIFS('무신사 메타 광고'!$L:$L, '무신사 메타 광고'!$C:$C, $R15),SUMIFS('무신사 메타 광고'!L:L,'무신사 메타 광고'!$I:$I,$S$4,'무신사 메타 광고'!$C:$C,$R15)) -> 442645 | T15: =IF($S$4="", SUMIFS('무신사 메타 광고'!$V:$V, '무신사 메타 광고'!$C:$C, $R15),SUMIFS('무신사 메타 광고'!$V:$V,'무신사 메타 광고'!$I:$I,$S$4,'무신사 메타 광고'!$C:$C,$R15)) -> 4472700 | U15: =IFERROR(T15/S15,0) -> 10.104486 | V15: =IF( IFERROR(IF(U14=0, 0, (U15 - U14) / U14), 0)=0," ",IFERROR(IF(U14=0, 0, (U15 - U14) / U14), 0)) -> -0.44135031 | W15: =IF($S$4="", SUMIFS('무신사 메타 광고'!$K:$K, '무신사 메타 광고'!$C:$C, $R15),SUMIFS('무신사 메타 광고'!$K:$K,'무신사 메타 광고'!$I:$I,$S$4,'무신사 메타 광고'!$C:$C,$R15)) -> 155208 | X15: =IF($S$4="", SUMIFS('무신사 메타 광고'!$N:$N, '무신사 메타 광고'!$C:$C, $R15),SUMIFS('무신사 메타 광고'!$N:$N,'무신사 메타 광고'!$I:$I,$S$4,'무신사 메타 광고'!$C:$C,$R15)) -> 2443 | Y15: =IFERROR(X15/W15,0) -> 0.015740168 | Z15: =IF( IFERROR(IF(Y14=0, 0, (Y15 - Y14) / Y14), 0)=0," ",IFERROR(IF(Y14=0, 0, (Y15 - Y14) / Y14), 0)) -> -0.42790273 | AB15: =IF($S$4="", SUMIFS('무신사 메타 광고'!$X:$X, '무신사 메타 광고'!$C:$C, $R15),SUMIFS('무신사 메타 광고'!$X:$X,'무신사 메타 광고'!$I:$I,$S$4,'무신사 메타 광고'!$C:$C,$R15)) -> 29517150 | AC15: =IFERROR( AB15/(AB15+T15),0 ) -> 0.86841072
A16: =MONTH(B16) -> 4 | B16: =IFERROR(__xludf.DUMMYFUNCTION("""COMPUTED_VALUE"""),46120) -> 46120 | C16: =IF($C$4="", SUMIFS('무신사 메타 광고'!$L:$L, '무신사 메타 광고'!$D:$D, $B16), SUMIFS('무신사 메타 광고'!$L:$L, '무신사 메타 광고'!$I:$I, $C$4, '무신사 메타 광고'!$D:$D, $B16)) -> 37351 | D16: =IF($C$4="", SUMIFS('무신사 메타 광고'!$V:$V, '무신사 메타 광고'!$D:$D, $B16), SUMIFS('무신사 메타 광고'!$V:$V,'무신사 메타 광고'!$I:$I,$C$4,'무신사 메타 광고'!$D:$D,$B16)) -> 423000 | E16: =IFERROR(D16/C16,0) -> 11.324998 | F16: =IF( IFERROR(IF(E15=0, 0, (E16 - E15) / E15), 0)=0," ",IFERROR(IF(E15=0, 0, (E16 - E15) / E15), 0)) -> -0.58673284 | G16: =IF($C$4="", SUMIFS('무신사 메타 광고'!$K:$K, '무신사 메타 광고'!$D:$D, $B16), SUMIFS('무신사 메타 광고'!$K:$K,'무신사 메타 광고'!$I:$I,$C$4,'무신사 메타 광고'!D:D,$B16)) -> 12456 | H16: =IF($C$4="", SUMIFS('무신사 메타 광고'!$N:$N, '무신사 메타 광고'!$D:$D, $B16),SUMIFS('무신사 메타 광고'!$N:$N,'무신사 메타 광고'!$I:$I,$C$4,'무신사 메타 광고'!$D:$D,$B16)) -> 219 | I16: =IF($C$4="", SUMIFS('무신사 메타 광고'!$U:$U, '무신사 메타 광고'!$D:$D, $B16),SUMIFS('무신사 메타 광고'!$U:$U,'무신사 메타 광고'!$I:$I,$C$4,'무신사 메타 광고'!$D:$D,$B16)) -> 4 | J16: =IFERROR( I16/H16,0) -> 0.01826484 | K16: =IFERROR(H16/G16,0) -> 0.017581888 | L16: =IF( IFERROR(IF(K15=0, 0, (K16 - K15) / K15), 0)=0," ",IFERROR(IF(K15=0, 0, (K16 - K15) / K15), 0)) -> 0.13138299 | N16: =IF($C$4="", SUMIFS('무신사 메타 광고'!$X:$X, '무신사 메타 광고'!$D:$D, $B16),SUMIFS('무신사 메타 광고'!$X:$X,'무신사 메타 광고'!I:I,$C$4,'무신사 메타 광고'!D:D,$B16)) -> 3962700 | O16: =IFERROR( N16/(N16+D16),0 ) -> 0.90355017 | R16: =IFERROR(__xludf.DUMMYFUNCTION("""COMPUTED_VALUE"""),"26년 5월 4주차") -> 26년 5월 4주차 | S16: =IF($S$4="", SUMIFS('무신사 메타 광고'!$L:$L, '무신사 메타 광고'!$C:$C, $R16),SUMIFS('무신사 메타 광고'!L:L,'무신사 메타 광고'!$I:$I,$S$4,'무신사 메타 광고'!$C:$C,$R16)) -> 408966 | T16: =IF($S$4="", SUMIFS('무신사 메타 광고'!$V:$V, '무신사 메타 광고'!$C:$C, $R16),SUMIFS('무신사 메타 광고'!$V:$V,'무신사 메타 광고'!$I:$I,$S$4,'무신사 메타 광고'!$C:$C,$R16)) -> 4690650 | U16: =IFERROR(T16/S16,0) -> 11.469535 | V16: =IF( IFERROR(IF(U15=0, 0, (U16 - U15) / U15), 0)=0," ",IFERROR(IF(U15=0, 0, (U16 - U15) / U15), 0)) -> 0.13509345 | W16: =IF($S$4="", SUMIFS('무신사 메타 광고'!$K:$K, '무신사 메타 광고'!$C:$C, $R16),SUMIFS('무신사 메타 광고'!$K:$K,'무신사 메타 광고'!$I:$I,$S$4,'무신사 메타 광고'!$C:$C,$R16)) -> 115739 | X16: =IF($S$4="", SUMIFS('무신사 메타 광고'!$N:$N, '무신사 메타 광고'!$C:$C, $R16),SUMIFS('무신사 메타 광고'!$N:$N,'무신사 메타 광고'!$I:$I,$S$4,'무신사 메타 광고'!$C:$C,$R16)) -> 3091 | Y16: =IFERROR(X16/W16,0) -> 0.026706642 | Z16: =IF( IFERROR(IF(Y15=0, 0, (Y16 - Y15) / Y15), 0)=0," ",IFERROR(IF(Y15=0, 0, (Y16 - Y15) / Y15), 0)) -> 0.69671897 | AB16: =IF($S$4="", SUMIFS('무신사 메타 광고'!$X:$X, '무신사 메타 광고'!$C:$C, $R16),SUMIFS('무신사 메타 광고'!$X:$X,'무신사 메타 광고'!$I:$I,$S$4,'무신사 메타 광고'!$C:$C,$R16)) -> 74454800 | AC16: =IFERROR( AB16/(AB16+T16),0 ) -> 0.9407338
A17: =MONTH(B17) -> 4 | B17: =IFERROR(__xludf.DUMMYFUNCTION("""COMPUTED_VALUE"""),46121) -> 46121 | C17: =IF($C$4="", SUMIFS('무신사 메타 광고'!$L:$L, '무신사 메타 광고'!$D:$D, $B17), SUMIFS('무신사 메타 광고'!$L:$L, '무신사 메타 광고'!$I:$I, $C$4, '무신사 메타 광고'!$D:$D, $B17)) -> 39361 | D17: =IF($C$4="", SUMIFS('무신사 메타 광고'!$V:$V, '무신사 메타 광고'!$D:$D, $B17), SUMIFS('무신사 메타 광고'!$V:$V,'무신사 메타 광고'!$I:$I,$C$4,'무신사 메타 광고'!$D:$D,$B17)) -> 1653300 | E17: =IFERROR(D17/C17,0) -> 42.003506 | F17: =IF( IFERROR(IF(E16=0, 0, (E17 - E16) / E16), 0)=0," ",IFERROR(IF(E16=0, 0, (E17 - E16) / E16), 0)) -> 2.7089195 | G17: =IF($C$4="", SUMIFS('무신사 메타 광고'!$K:$K, '무신사 메타 광고'!$D:$D, $B17), SUMIFS('무신사 메타 광고'!$K:$K,'무신사 메타 광고'!$I:$I,$C$4,'무신사 메타 광고'!D:D,$B17)) -> 13183 | H17: =IF($C$4="", SUMIFS('무신사 메타 광고'!$N:$N, '무신사 메타 광고'!$D:$D, $B17),SUMIFS('무신사 메타 광고'!$N:$N,'무신사 메타 광고'!$I:$I,$C$4,'무신사 메타 광고'!$D:$D,$B17)) -> 207 | I17: =IF($C$4="", SUMIFS('무신사 메타 광고'!$U:$U, '무신사 메타 광고'!$D:$D, $B17),SUMIFS('무신사 메타 광고'!$U:$U,'무신사 메타 광고'!$I:$I,$C$4,'무신사 메타 광고'!$D:$D,$B17)) -> 14 | J17: =IFERROR( I17/H17,0) -> 0.06763285 | K17: =IFERROR(H17/G17,0) -> 0.015702041 | L17: =IF( IFERROR(IF(K16=0, 0, (K17 - K16) / K16), 0)=0," ",IFERROR(IF(K16=0, 0, (K17 - K16) / K16), 0)) -> -0.10691956 | N17: =IF($C$4="", SUMIFS('무신사 메타 광고'!$X:$X, '무신사 메타 광고'!$D:$D, $B17),SUMIFS('무신사 메타 광고'!$X:$X,'무신사 메타 광고'!I:I,$C$4,'무신사 메타 광고'!D:D,$B17)) -> 6111000 | O17: =IFERROR( N17/(N17+D17),0 ) -> 0.78706387 | R17: =IFERROR(__xludf.DUMMYFUNCTION("""COMPUTED_VALUE"""),"26년 5월 5주차") -> 26년 5월 5주차 | S17: =IF($S$4="", SUMIFS('무신사 메타 광고'!$L:$L, '무신사 메타 광고'!$C:$C, $R17),SUMIFS('무신사 메타 광고'!L:L,'무신사 메타 광고'!$I:$I,$S$4,'무신사 메타 광고'!$C:$C,$R17)) -> 412130 | T17: =IF($S$4="", SUMIFS('무신사 메타 광고'!$V:$V, '무신사 메타 광고'!$C:$C, $R17),SUMIFS('무신사 메타 광고'!$V:$V,'무신사 메타 광고'!$I:$I,$S$4,'무신사 메타 광고'!$C:$C,$R17)) -> 6228250 | U17: =IFERROR(T17/S17,0) -> 15.112343 | V17: =IF( IFERROR(IF(U16=0, 0, (U17 - U16) / U16), 0)=0," ",IFERROR(IF(U16=0, 0, (U17 - U16) / U16), 0)) -> 0.31760727 | W17: =IF($S$4="", SUMIFS('무신사 메타 광고'!$K:$K, '무신사 메타 광고'!$C:$C, $R17),SUMIFS('무신사 메타 광고'!$K:$K,'무신사 메타 광고'!$I:$I,$S$4,'무신사 메타 광고'!$C:$C,$R17)) -> 115941 | X17: =IF($S$4="", SUMIFS('무신사 메타 광고'!$N:$N, '무신사 메타 광고'!$C:$C, $R17),SUMIFS('무신사 메타 광고'!$N:$N,'무신사 메타 광고'!$I:$I,$S$4,'무신사 메타 광고'!$C:$C,$R17)) -> 2963 | Y17: =IFERROR(X17/W17,0) -> 0.025556102 | Z17: =IF( IFERROR(IF(Y16=0, 0, (Y17 - Y16) / Y16), 0)=0," ",IFERROR(IF(Y16=0, 0, (Y17 - Y16) / Y16), 0)) -> -0.043080664 | AB17: =IF($S$4="", SUMIFS('무신사 메타 광고'!$X:$X, '무신사 메타 광고'!$C:$C, $R17),SUMIFS('무신사 메타 광고'!$X:$X,'무신사 메타 광고'!$I:$I,$S$4,'무신사 메타 광고'!$C:$C,$R17)) -> 59825190 | AC17: =IFERROR( AB17/(AB17+T17),0 ) -> 0.90570892
A18: =MONTH(B18) -> 4 | B18: =IFERROR(__xludf.DUMMYFUNCTION("""COMPUTED_VALUE"""),46122) -> 46122 | C18: =IF($C$4="", SUMIFS('무신사 메타 광고'!$L:$L, '무신사 메타 광고'!$D:$D, $B18), SUMIFS('무신사 메타 광고'!$L:$L, '무신사 메타 광고'!$I:$I, $C$4, '무신사 메타 광고'!$D:$D, $B18)) -> 26040 | D18: =IF($C$4="", SUMIFS('무신사 메타 광고'!$V:$V, '무신사 메타 광고'!$D:$D, $B18), SUMIFS('무신사 메타 광고'!$V:$V,'무신사 메타 광고'!$I:$I,$C$4,'무신사 메타 광고'!$D:$D,$B18)) -> 484500 | E18: =IFERROR(D18/C18,0) -> 18.605991 | F18: =IF( IFERROR(IF(E17=0, 0, (E18 - E17) / E17), 0)=0," ",IFERROR(IF(E17=0, 0, (E18 - E17) / E17), 0)) -> -0.5570372 | G18: =IF($C$4="", SUMIFS('무신사 메타 광고'!$K:$K, '무신사 메타 광고'!$D:$D, $B18), SUMIFS('무신사 메타 광고'!$K:$K,'무신사 메타 광고'!$I:$I,$C$4,'무신사 메타 광고'!D:D,$B18)) -> 5878 | H18: =IF($C$4="", SUMIFS('무신사 메타 광고'!$N:$N, '무신사 메타 광고'!$D:$D, $B18),SUMIFS('무신사 메타 광고'!$N:$N,'무신사 메타 광고'!$I:$I,$C$4,'무신사 메타 광고'!$D:$D,$B18)) -> 112 | I18: =IF($C$4="", SUMIFS('무신사 메타 광고'!$U:$U, '무신사 메타 광고'!$D:$D, $B18),SUMIFS('무신사 메타 광고'!$U:$U,'무신사 메타 광고'!$I:$I,$C$4,'무신사 메타 광고'!$D:$D,$B18)) -> 6 | J18: =IFERROR( I18/H18,0) -> 0.053571429 | K18: =IFERROR(H18/G18,0) -> 0.0190541 | L18: =IF( IFERROR(IF(K17=0, 0, (K18 - K17) / K17), 0)=0," ",IFERROR(IF(K17=0, 0, (K18 - K17) / K17), 0)) -> 0.21347923 | N18: =IF($C$4="", SUMIFS('무신사 메타 광고'!$X:$X, '무신사 메타 광고'!$D:$D, $B18),SUMIFS('무신사 메타 광고'!$X:$X,'무신사 메타 광고'!I:I,$C$4,'무신사 메타 광고'!D:D,$B18)) -> 6089750 | O18: =IFERROR( N18/(N18+D18),0 ) -> 0.92630338 | R18: =IFERROR(__xludf.DUMMYFUNCTION("""COMPUTED_VALUE"""),"26년 6월 1주차") -> 26년 6월 1주차 | S18: =IF($S$4="", SUMIFS('무신사 메타 광고'!$L:$L, '무신사 메타 광고'!$C:$C, $R18),SUMIFS('무신사 메타 광고'!L:L,'무신사 메타 광고'!$I:$I,$S$4,'무신사 메타 광고'!$C:$C,$R18)) -> 426670 | T18: =IF($S$4="", SUMIFS('무신사 메타 광고'!$V:$V, '무신사 메타 광고'!$C:$C, $R18),SUMIFS('무신사 메타 광고'!$V:$V,'무신사 메타 광고'!$I:$I,$S$4,'무신사 메타 광고'!$C:$C,$R18)) -> 8898891 | U18: =IFERROR(T18/S18,0) -> 20.856613 | V18: =IF( IFERROR(IF(U17=0, 0, (U18 - U17) / U17), 0)=0," ",IFERROR(IF(U17=0, 0, (U18 - U17) / U17), 0)) -> 0.3801045 | W18: =IF($S$4="", SUMIFS('무신사 메타 광고'!$K:$K, '무신사 메타 광고'!$C:$C, $R18),SUMIFS('무신사 메타 광고'!$K:$K,'무신사 메타 광고'!$I:$I,$S$4,'무신사 메타 광고'!$C:$C,$R18)) -> 100180 | X18: =IF($S$4="", SUMIFS('무신사 메타 광고'!$N:$N, '무신사 메타 광고'!$C:$C, $R18),SUMIFS('무신사 메타 광고'!$N:$N,'무신사 메타 광고'!$I:$I,$S$4,'무신사 메타 광고'!$C:$C,$R18)) -> 2494 | Y18: =IFERROR(X18/W18,0) -> 0.024895189 | Z18: =IF( IFERROR(IF(Y17=0, 0, (Y18 - Y17) / Y17), 0)=0," ",IFERROR(IF(Y17=0, 0, (Y18 - Y17) / Y17), 0)) -> -0.025861266 | AB18: =IF($S$4="", SUMIFS('무신사 메타 광고'!$X:$X, '무신사 메타 광고'!$C:$C, $R18),SUMIFS('무신사 메타 광고'!$X:$X,'무신사 메타 광고'!$I:$I,$S$4,'무신사 메타 광고'!$C:$C,$R18)) -> 69987250 | AC18: =IFERROR( AB18/(AB18+T18),0 ) -> 0.88719323
A19: =MONTH(B19) -> 4 | B19: =IFERROR(__xludf.DUMMYFUNCTION("""COMPUTED_VALUE"""),46123) -> 46123 | C19: =IF($C$4="", SUMIFS('무신사 메타 광고'!$L:$L, '무신사 메타 광고'!$D:$D, $B19), SUMIFS('무신사 메타 광고'!$L:$L, '무신사 메타 광고'!$I:$I, $C$4, '무신사 메타 광고'!$D:$D, $B19)) -> 54355 | D19: =IF($C$4="", SUMIFS('무신사 메타 광고'!$V:$V, '무신사 메타 광고'!$D:$D, $B19), SUMIFS('무신사 메타 광고'!$V:$V,'무신사 메타 광고'!$I:$I,$C$4,'무신사 메타 광고'!$D:$D,$B19)) -> 1229400 | E19: =IFERROR(D19/C19,0) -> 22.617974 | F19: =IF( IFERROR(IF(E18=0, 0, (E19 - E18) / E18), 0)=0," ",IFERROR(IF(E18=0, 0, (E19 - E18) / E18), 0)) -> 0.21562859 | G19: =IF($C$4="", SUMIFS('무신사 메타 광고'!$K:$K, '무신사 메타 광고'!$D:$D, $B19), SUMIFS('무신사 메타 광고'!$K:$K,'무신사 메타 광고'!$I:$I,$C$4,'무신사 메타 광고'!D:D,$B19)) -> 12396 | H19: =IF($C$4="", SUMIFS('무신사 메타 광고'!$N:$N, '무신사 메타 광고'!$D:$D, $B19),SUMIFS('무신사 메타 광고'!$N:$N,'무신사 메타 광고'!$I:$I,$C$4,'무신사 메타 광고'!$D:$D,$B19)) -> 243 | I19: =IF($C$4="", SUMIFS('무신사 메타 광고'!$U:$U, '무신사 메타 광고'!$D:$D, $B19),SUMIFS('무신사 메타 광고'!$U:$U,'무신사 메타 광고'!$I:$I,$C$4,'무신사 메타 광고'!$D:$D,$B19)) -> 10 | J19: =IFERROR( I19/H19,0) -> 0.041152263 | K19: =IFERROR(H19/G19,0) -> 0.019603098 | L19: =IF( IFERROR(IF(K18=0, 0, (K19 - K18) / K18), 0)=0," ",IFERROR(IF(K18=0, 0, (K19 - K18) / K18), 0)) -> 0.028812578 | N19: =IF($C$4="", SUMIFS('무신사 메타 광고'!$X:$X, '무신사 메타 광고'!$D:$D, $B19),SUMIFS('무신사 메타 광고'!$X:$X,'무신사 메타 광고'!I:I,$C$4,'무신사 메타 광고'!D:D,$B19)) -> 8984650 | O19: =IFERROR( N19/(N19+D19),0 ) -> 0.87963638 | R19: =IFERROR(__xludf.DUMMYFUNCTION("""COMPUTED_VALUE"""),"26년 6월 2주차") -> 26년 6월 2주차 | S19: =IF($S$4="", SUMIFS('무신사 메타 광고'!$L:$L, '무신사 메타 광고'!$C:$C, $R19),SUMIFS('무신사 메타 광고'!L:L,'무신사 메타 광고'!$I:$I,$S$4,'무신사 메타 광고'!$C:$C,$R19)) -> 531792 | T19: =IF($S$4="", SUMIFS('무신사 메타 광고'!$V:$V, '무신사 메타 광고'!$C:$C, $R19),SUMIFS('무신사 메타 광고'!$V:$V,'무신사 메타 광고'!$I:$I,$S$4,'무신사 메타 광고'!$C:$C,$R19)) -> 9137200 | U19: =IFERROR(T19/S19,0) -> 17.181906 | V19: =IF( IFERROR(IF(U18=0, 0, (U19 - U18) / U18), 0)=0," ",IFERROR(IF(U18=0, 0, (U19 - U18) / U18), 0)) -> -0.17618907 | W19: =IF($S$4="", SUMIFS('무신사 메타 광고'!$K:$K, '무신사 메타 광고'!$C:$C, $R19),SUMIFS('무신사 메타 광고'!$K:$K,'무신사 메타 광고'!$I:$I,$S$4,'무신사 메타 광고'!$C:$C,$R19)) -> 98241 | X19: =IF($S$4="", SUMIFS('무신사 메타 광고'!$N:$N, '무신사 메타 광고'!$C:$C, $R19),SUMIFS('무신사 메타 광고'!$N:$N,'무신사 메타 광고'!$I:$I,$S$4,'무신사 메타 광고'!$C:$C,$R19)) -> 2630 | Y19: =IFERROR(X19/W19,0) -> 0.0267709 | Z19: =IF( IFERROR(IF(Y18=0, 0, (Y19 - Y18) / Y18), 0)=0," ",IFERROR(IF(Y18=0, 0, (Y19 - Y18) / Y18), 0)) -> 0.075344337 | AB19: =IF($S$4="", SUMIFS('무신사 메타 광고'!$X:$X, '무신사 메타 광고'!$C:$C, $R19),SUMIFS('무신사 메타 광고'!$X:$X,'무신사 메타 광고'!$I:$I,$S$4,'무신사 메타 광고'!$C:$C,$R19)) -> 55150565 | AC19: =IFERROR( AB19/(AB19+T19),0 ) -> 0.85787031
A20: =MONTH(B20) -> 4 | B20: =IFERROR(__xludf.DUMMYFUNCTION("""COMPUTED_VALUE"""),46124) -> 46124 | C20: =IF($C$4="", SUMIFS('무신사 메타 광고'!$L:$L, '무신사 메타 광고'!$D:$D, $B20), SUMIFS('무신사 메타 광고'!$L:$L, '무신사 메타 광고'!$I:$I, $C$4, '무신사 메타 광고'!$D:$D, $B20)) -> 38380 | D20: =IF($C$4="", SUMIFS('무신사 메타 광고'!$V:$V, '무신사 메타 광고'!$D:$D, $B20), SUMIFS('무신사 메타 광고'!$V:$V,'무신사 메타 광고'!$I:$I,$C$4,'무신사 메타 광고'!$D:$D,$B20)) -> 2034300 | E20: =IFERROR(D20/C20,0) -> 53.004169 | F20: =IF( IFERROR(IF(E19=0, 0, (E20 - E19) / E19), 0)=0," ",IFERROR(IF(E19=0, 0, (E20 - E19) / E19), 0)) -> 1.3434534 | G20: =IF($C$4="", SUMIFS('무신사 메타 광고'!$K:$K, '무신사 메타 광고'!$D:$D, $B20), SUMIFS('무신사 메타 광고'!$K:$K,'무신사 메타 광고'!$I:$I,$C$4,'무신사 메타 광고'!D:D,$B20)) -> 9169 | H20: =IF($C$4="", SUMIFS('무신사 메타 광고'!$N:$N, '무신사 메타 광고'!$D:$D, $B20),SUMIFS('무신사 메타 광고'!$N:$N,'무신사 메타 광고'!$I:$I,$C$4,'무신사 메타 광고'!$D:$D,$B20)) -> 152 | I20: =IF($C$4="", SUMIFS('무신사 메타 광고'!$U:$U, '무신사 메타 광고'!$D:$D, $B20),SUMIFS('무신사 메타 광고'!$U:$U,'무신사 메타 광고'!$I:$I,$C$4,'무신사 메타 광고'!$D:$D,$B20)) -> 18 | J20: =IFERROR( I20/H20,0) -> 0.11842105 | K20: =IFERROR(H20/G20,0) -> 0.016577598 | L20: =IF( IFERROR(IF(K19=0, 0, (K20 - K19) / K19), 0)=0," ",IFERROR(IF(K19=0, 0, (K20 - K19) / K19), 0)) -> -0.15433782 | N20: =IF($C$4="", SUMIFS('무신사 메타 광고'!$X:$X, '무신사 메타 광고'!$D:$D, $B20),SUMIFS('무신사 메타 광고'!$X:$X,'무신사 메타 광고'!I:I,$C$4,'무신사 메타 광고'!D:D,$B20)) -> 7352400 | O20: =IFERROR( N20/(N20+D20),0 ) -> 0.78327847 | R20: =IFERROR(__xludf.DUMMYFUNCTION("""COMPUTED_VALUE"""),"26년 6월 3주차") -> 26년 6월 3주차 | S20: =IF($S$4="", SUMIFS('무신사 메타 광고'!$L:$L, '무신사 메타 광고'!$C:$C, $R20),SUMIFS('무신사 메타 광고'!L:L,'무신사 메타 광고'!$I:$I,$S$4,'무신사 메타 광고'!$C:$C,$R20)) -> 741632 | T20: =IF($S$4="", SUMIFS('무신사 메타 광고'!$V:$V, '무신사 메타 광고'!$C:$C, $R20),SUMIFS('무신사 메타 광고'!$V:$V,'무신사 메타 광고'!$I:$I,$S$4,'무신사 메타 광고'!$C:$C,$R20)) -> 18611049 | U20: =IFERROR(T20/S20,0) -> 25.094722 | V20: =IF( IFERROR(IF(U19=0, 0, (U20 - U19) / U19), 0)=0," ",IFERROR(IF(U19=0, 0, (U20 - U19) / U19), 0)) -> 0.46053195 | W20: =IF($S$4="", SUMIFS('무신사 메타 광고'!$K:$K, '무신사 메타 광고'!$C:$C, $R20),SUMIFS('무신사 메타 광고'!$K:$K,'무신사 메타 광고'!$I:$I,$S$4,'무신사 메타 광고'!$C:$C,$R20)) -> 193002 | X20: =IF($S$4="", SUMIFS('무신사 메타 광고'!$N:$N, '무신사 메타 광고'!$C:$C, $R20),SUMIFS('무신사 메타 광고'!$N:$N,'무신사 메타 광고'!$I:$I,$S$4,'무신사 메타 광고'!$C:$C,$R20)) -> 5793 | Y20: =IFERROR(X20/W20,0) -> 0.030015233 | Z20: =IF( IFERROR(IF(Y19=0, 0, (Y20 - Y19) / Y19), 0)=0," ",IFERROR(IF(Y19=0, 0, (Y20 - Y19) / Y19), 0)) -> 0.12118879 | AB20: =IF($S$4="", SUMIFS('무신사 메타 광고'!$X:$X, '무신사 메타 광고'!$C:$C, $R20),SUMIFS('무신사 메타 광고'!$X:$X,'무신사 메타 광고'!$I:$I,$S$4,'무신사 메타 광고'!$C:$C,$R20)) -> 93739943 | AC20: =IFERROR( AB20/(AB20+T20),0 ) -> 0.83434905
A21: =MONTH(B21) -> 4 | B21: =IFERROR(__xludf.DUMMYFUNCTION("""COMPUTED_VALUE"""),46125) -> 46125 | C21: =IF($C$4="", SUMIFS('무신사 메타 광고'!$L:$L, '무신사 메타 광고'!$D:$D, $B21), SUMIFS('무신사 메타 광고'!$L:$L, '무신사 메타 광고'!$I:$I, $C$4, '무신사 메타 광고'!$D:$D, $B21)) -> 35389 | D21: =IF($C$4="", SUMIFS('무신사 메타 광고'!$V:$V, '무신사 메타 광고'!$D:$D, $B21), SUMIFS('무신사 메타 광고'!$V:$V,'무신사 메타 광고'!$I:$I,$C$4,'무신사 메타 광고'!$D:$D,$B21)) -> 643500 | E21: =IFERROR(D21/C21,0) -> 18.183616 | F21: =IF( IFERROR(IF(E20=0, 0, (E21 - E20) / E20), 0)=0," ",IFERROR(IF(E20=0, 0, (E21 - E20) / E20), 0)) -> -0.65693988 | G21: =IF($C$4="", SUMIFS('무신사 메타 광고'!$K:$K, '무신사 메타 광고'!$D:$D, $B21), SUMIFS('무신사 메타 광고'!$K:$K,'무신사 메타 광고'!$I:$I,$C$4,'무신사 메타 광고'!D:D,$B21)) -> 8498 | H21: =IF($C$4="", SUMIFS('무신사 메타 광고'!$N:$N, '무신사 메타 광고'!$D:$D, $B21),SUMIFS('무신사 메타 광고'!$N:$N,'무신사 메타 광고'!$I:$I,$C$4,'무신사 메타 광고'!$D:$D,$B21)) -> 112 | I21: =IF($C$4="", SUMIFS('무신사 메타 광고'!$U:$U, '무신사 메타 광고'!$D:$D, $B21),SUMIFS('무신사 메타 광고'!$U:$U,'무신사 메타 광고'!$I:$I,$C$4,'무신사 메타 광고'!$D:$D,$B21)) -> 5 | J21: =IFERROR( I21/H21,0) -> 0.044642857 | K21: =IFERROR(H21/G21,0) -> 0.013179572 | L21: =IF( IFERROR(IF(K20=0, 0, (K21 - K20) / K20), 0)=0," ",IFERROR(IF(K20=0, 0, (K21 - K20) / K20), 0)) -> -0.20497702 | N21: =IF($C$4="", SUMIFS('무신사 메타 광고'!$X:$X, '무신사 메타 광고'!$D:$D, $B21),SUMIFS('무신사 메타 광고'!$X:$X,'무신사 메타 광고'!I:I,$C$4,'무신사 메타 광고'!D:D,$B21)) -> 5352200 | O21: =IFERROR( N21/(N21+D21),0 ) -> 0.89267308 | R21: =IFERROR(__xludf.DUMMYFUNCTION("""COMPUTED_VALUE"""),"26년 6월 4주차") -> 26년 6월 4주차 | S21: =IF($S$4="", SUMIFS('무신사 메타 광고'!$L:$L, '무신사 메타 광고'!$C:$C, $R21),SUMIFS('무신사 메타 광고'!L:L,'무신사 메타 광고'!$I:$I,$S$4,'무신사 메타 광고'!$C:$C,$R21)) -> 305818 | T21: =IF($S$4="", SUMIFS('무신사 메타 광고'!$V:$V, '무신사 메타 광고'!$C:$C, $R21),SUMIFS('무신사 메타 광고'!$V:$V,'무신사 메타 광고'!$I:$I,$S$4,'무신사 메타 광고'!$C:$C,$R21)) -> 7399313 | U21: =IFERROR(T21/S21,0) -> 24.195152 | V21: =IF( IFERROR(IF(U20=0, 0, (U21 - U20) / U20), 0)=0," ",IFERROR(IF(U20=0, 0, (U21 - U20) / U20), 0)) -> -0.035846986 | W21: =IF($S$4="", SUMIFS('무신사 메타 광고'!$K:$K, '무신사 메타 광고'!$C:$C, $R21),SUMIFS('무신사 메타 광고'!$K:$K,'무신사 메타 광고'!$I:$I,$S$4,'무신사 메타 광고'!$C:$C,$R21)) -> 84161 | X21: =IF($S$4="", SUMIFS('무신사 메타 광고'!$N:$N, '무신사 메타 광고'!$C:$C, $R21),SUMIFS('무신사 메타 광고'!$N:$N,'무신사 메타 광고'!$I:$I,$S$4,'무신사 메타 광고'!$C:$C,$R21)) -> 2232 | Y21: =IFERROR(X21/W21,0) -> 0.026520597 | Z21: =IF( IFERROR(IF(Y20=0, 0, (Y21 - Y20) / Y20), 0)=0," ",IFERROR(IF(Y20=0, 0, (Y21 - Y20) / Y20), 0)) -> -0.11642873 | AB21: =IF($S$4="", SUMIFS('무신사 메타 광고'!$X:$X, '무신사 메타 광고'!$C:$C, $R21),SUMIFS('무신사 메타 광고'!$X:$X,'무신사 메타 광고'!$I:$I,$S$4,'무신사 메타 광고'!$C:$C,$R21)) -> 28775428 | AC21: =IFERROR( AB21/(AB21+T21),0 ) -> 0.79545637
A22: =MONTH(B22) -> 4 | B22: =IFERROR(__xludf.DUMMYFUNCTION("""COMPUTED_VALUE"""),46126) -> 46126 | C22: =IF($C$4="", SUMIFS('무신사 메타 광고'!$L:$L, '무신사 메타 광고'!$D:$D, $B22), SUMIFS('무신사 메타 광고'!$L:$L, '무신사 메타 광고'!$I:$I, $C$4, '무신사 메타 광고'!$D:$D, $B22)) -> 44004 | D22: =IF($C$4="", SUMIFS('무신사 메타 광고'!$V:$V, '무신사 메타 광고'!$D:$D, $B22), SUMIFS('무신사 메타 광고'!$V:$V,'무신사 메타 광고'!$I:$I,$C$4,'무신사 메타 광고'!$D:$D,$B22)) -> 811050 | E22: =IFERROR(D22/C22,0) -> 18.431279 | F22: =IF( IFERROR(IF(E21=0, 0, (E22 - E21) / E21), 0)=0," ",IFERROR(IF(E21=0, 0, (E22 - E21) / E21), 0)) -> 0.013620096 | G22: =IF($C$4="", SUMIFS('무신사 메타 광고'!$K:$K, '무신사 메타 광고'!$D:$D, $B22), SUMIFS('무신사 메타 광고'!$K:$K,'무신사 메타 광고'!$I:$I,$C$4,'무신사 메타 광고'!D:D,$B22)) -> 9622 | H22: =IF($C$4="", SUMIFS('무신사 메타 광고'!$N:$N, '무신사 메타 광고'!$D:$D, $B22),SUMIFS('무신사 메타 광고'!$N:$N,'무신사 메타 광고'!$I:$I,$C$4,'무신사 메타 광고'!$D:$D,$B22)) -> 146 | I22: =IF($C$4="", SUMIFS('무신사 메타 광고'!$U:$U, '무신사 메타 광고'!$D:$D, $B22),SUMIFS('무신사 메타 광고'!$U:$U,'무신사 메타 광고'!$I:$I,$C$4,'무신사 메타 광고'!$D:$D,$B22)) -> 7 | J22: =IFERROR( I22/H22,0) -> 0.047945205 | K22: =IFERROR(H22/G22,0) -> 0.015173561 | L22: =IF( IFERROR(IF(K21=0, 0, (K22 - K21) / K21), 0)=0," ",IFERROR(IF(K21=0, 0, (K22 - K21) / K21), 0)) -> 0.15129391 | N22: =IF($C$4="", SUMIFS('무신사 메타 광고'!$X:$X, '무신사 메타 광고'!$D:$D, $B22),SUMIFS('무신사 메타 광고'!$X:$X,'무신사 메타 광고'!I:I,$C$4,'무신사 메타 광고'!D:D,$B22)) -> 8998350 | O22: =IFERROR( N22/(N22+D22),0 ) -> 0.9173191 | R22: =IFERROR(__xludf.DUMMYFUNCTION("""COMPUTED_VALUE"""),"99년 12월 1주차") -> 99년 12월 1주차 | S22: =IF($S$4="", SUMIFS('무신사 메타 광고'!$L:$L, '무신사 메타 광고'!$C:$C, $R22),SUMIFS('무신사 메타 광고'!L:L,'무신사 메타 광고'!$I:$I,$S$4,'무신사 메타 광고'!$C:$C,$R22)) -> 0 | T22: =IF($S$4="", SUMIFS('무신사 메타 광고'!$V:$V, '무신사 메타 광고'!$C:$C, $R22),SUMIFS('무신사 메타 광고'!$V:$V,'무신사 메타 광고'!$I:$I,$S$4,'무신사 메타 광고'!$C:$C,$R22)) -> 0 | U22: =IFERROR(T22/S22,0) -> 0 | V22: =IF( IFERROR(IF(U21=0, 0, (U22 - U21) / U21), 0)=0," ",IFERROR(IF(U21=0, 0, (U22 - U21) / U21), 0)) -> -1 | W22: =IF($S$4="", SUMIFS('무신사 메타 광고'!$K:$K, '무신사 메타 광고'!$C:$C, $R22),SUMIFS('무신사 메타 광고'!$K:$K,'무신사 메타 광고'!$I:$I,$S$4,'무신사 메타 광고'!$C:$C,$R22)) -> 0 | X22: =IF($S$4="", SUMIFS('무신사 메타 광고'!$N:$N, '무신사 메타 광고'!$C:$C, $R22),SUMIFS('무신사 메타 광고'!$N:$N,'무신사 메타 광고'!$I:$I,$S$4,'무신사 메타 광고'!$C:$C,$R22)) -> 0 | Y22: =IFERROR(X22/W22,0) -> 0 | Z22: =IF( IFERROR(IF(Y21=0, 0, (Y22 - Y21) / Y21), 0)=0," ",IFERROR(IF(Y21=0, 0, (Y22 - Y21) / Y21), 0)) -> -1 | AB22: =IF($S$4="", SUMIFS('무신사 메타 광고'!$X:$X, '무신사 메타 광고'!$C:$C, $R22),SUMIFS('무신사 메타 광고'!$X:$X,'무신사 메타 광고'!$I:$I,$S$4,'무신사 메타 광고'!$C:$C,$R22)) -> 0 | AC22: =IFERROR( AB22/(AB22+T22),0 ) -> 0
A23: =MONTH(B23) -> 4 | B23: =IFERROR(__xludf.DUMMYFUNCTION("""COMPUTED_VALUE"""),46127) -> 46127 | C23: =IF($C$4="", SUMIFS('무신사 메타 광고'!$L:$L, '무신사 메타 광고'!$D:$D, $B23), SUMIFS('무신사 메타 광고'!$L:$L, '무신사 메타 광고'!$I:$I, $C$4, '무신사 메타 광고'!$D:$D, $B23)) -> 42299 | D23: =IF($C$4="", SUMIFS('무신사 메타 광고'!$V:$V, '무신사 메타 광고'!$D:$D, $B23), SUMIFS('무신사 메타 광고'!$V:$V,'무신사 메타 광고'!$I:$I,$C$4,'무신사 메타 광고'!$D:$D,$B23)) -> 1743300 | E23: =IFERROR(D23/C23,0) -> 41.21374 | F23: =IF( IFERROR(IF(E22=0, 0, (E23 - E22) / E22), 0)=0," ",IFERROR(IF(E22=0, 0, (E23 - E22) / E22), 0)) -> 1.236076 | G23: =IF($C$4="", SUMIFS('무신사 메타 광고'!$K:$K, '무신사 메타 광고'!$D:$D, $B23), SUMIFS('무신사 메타 광고'!$K:$K,'무신사 메타 광고'!$I:$I,$C$4,'무신사 메타 광고'!D:D,$B23)) -> 9481 | H23: =IF($C$4="", SUMIFS('무신사 메타 광고'!$N:$N, '무신사 메타 광고'!$D:$D, $B23),SUMIFS('무신사 메타 광고'!$N:$N,'무신사 메타 광고'!$I:$I,$C$4,'무신사 메타 광고'!$D:$D,$B23)) -> 161 | I23: =IF($C$4="", SUMIFS('무신사 메타 광고'!$U:$U, '무신사 메타 광고'!$D:$D, $B23),SUMIFS('무신사 메타 광고'!$U:$U,'무신사 메타 광고'!$I:$I,$C$4,'무신사 메타 광고'!$D:$D,$B23)) -> 15 | J23: =IFERROR( I23/H23,0) -> 0.093167702 | K23: =IFERROR(H23/G23,0) -> 0.016981331 | L23: =IF( IFERROR(IF(K22=0, 0, (K23 - K22) / K22), 0)=0," ",IFERROR(IF(K22=0, 0, (K23 - K22) / K22), 0)) -> 0.1191395 | N23: =IF($C$4="", SUMIFS('무신사 메타 광고'!$X:$X, '무신사 메타 광고'!$D:$D, $B23),SUMIFS('무신사 메타 광고'!$X:$X,'무신사 메타 광고'!I:I,$C$4,'무신사 메타 광고'!D:D,$B23)) -> 13298786 | O23: =IFERROR( N23/(N23+D23),0 ) -> 0.88410517 | S23: =IF($S$4="", SUMIFS('무신사 메타 광고'!$L:$L, '무신사 메타 광고'!$C:$C, $R23),SUMIFS('무신사 메타 광고'!L:L,'무신사 메타 광고'!$I:$I,$S$4,'무신사 메타 광고'!$C:$C,$R23)) -> 0 | T23: =IF($S$4="", SUMIFS('무신사 메타 광고'!$V:$V, '무신사 메타 광고'!$C:$C, $R23),SUMIFS('무신사 메타 광고'!$V:$V,'무신사 메타 광고'!$I:$I,$S$4,'무신사 메타 광고'!$C:$C,$R23)) -> 0 | U23: =IFERROR(T23/S23,0) -> 0 | V23: =IF( IFERROR(IF(U22=0, 0, (U23 - U22) / U22), 0)=0," ",IFERROR(IF(U22=0, 0, (U23 - U22) / U22), 0)) | W23: =IF($S$4="", SUMIFS('무신사 메타 광고'!$K:$K, '무신사 메타 광고'!$C:$C, $R23),SUMIFS('무신사 메타 광고'!$K:$K,'무신사 메타 광고'!$I:$I,$S$4,'무신사 메타 광고'!$C:$C,$R23)) -> 0 | X23: =IF($S$4="", SUMIFS('무신사 메타 광고'!$N:$N, '무신사 메타 광고'!$C:$C, $R23),SUMIFS('무신사 메타 광고'!$N:$N,'무신사 메타 광고'!$I:$I,$S$4,'무신사 메타 광고'!$C:$C,$R23)) -> 0 | Y23: =IFERROR(X23/W23,0) -> 0 | Z23: =IF( IFERROR(IF(Y22=0, 0, (Y23 - Y22) / Y22), 0)=0," ",IFERROR(IF(Y22=0, 0, (Y23 - Y22) / Y22), 0)) | AB23: =IF($S$4="", SUMIFS('무신사 메타 광고'!$X:$X, '무신사 메타 광고'!$C:$C, $R23),SUMIFS('무신사 메타 광고'!$X:$X,'무신사 메타 광고'!$I:$I,$S$4,'무신사 메타 광고'!$C:$C,$R23)) -> 0 | AC23: =IFERROR( AB23/(AB23+T23),0 ) -> 0
A24: =MONTH(B24) -> 4 | B24: =IFERROR(__xludf.DUMMYFUNCTION("""COMPUTED_VALUE"""),46128) -> 46128 | C24: =IF($C$4="", SUMIFS('무신사 메타 광고'!$L:$L, '무신사 메타 광고'!$D:$D, $B24), SUMIFS('무신사 메타 광고'!$L:$L, '무신사 메타 광고'!$I:$I, $C$4, '무신사 메타 광고'!$D:$D, $B24)) -> 54815 | D24: =IF($C$4="", SUMIFS('무신사 메타 광고'!$V:$V, '무신사 메타 광고'!$D:$D, $B24), SUMIFS('무신사 메타 광고'!$V:$V,'무신사 메타 광고'!$I:$I,$C$4,'무신사 메타 광고'!$D:$D,$B24)) -> 1819250 | E24: =IFERROR(D24/C24,0) -> 33.188908 | F24: =IF( IFERROR(IF(E23=0, 0, (E24 - E23) / E23), 0)=0," ",IFERROR(IF(E23=0, 0, (E24 - E23) / E23), 0)) -> -0.19471254 | G24: =IF($C$4="", SUMIFS('무신사 메타 광고'!$K:$K, '무신사 메타 광고'!$D:$D, $B24), SUMIFS('무신사 메타 광고'!$K:$K,'무신사 메타 광고'!$I:$I,$C$4,'무신사 메타 광고'!D:D,$B24)) -> 14232 | I24: =IF($C$4="", SUMIFS('무신사 메타 광고'!$U:$U, '무신사 메타 광고'!$D:$D, $B24),SUMIFS('무신사 메타 광고'!$U:$U,'무신사 메타 광고'!$I:$I,$C$4,'무신사 메타 광고'!$D:$D,$B24)) -> 16 | J24: =IFERROR( I24/H24,0) -> 0 | K24: =IFERROR(H24/G24,0) -> 0 | L24: =IF( IFERROR(IF(K23=0, 0, (K24 - K23) / K23), 0)=0," ",IFERROR(IF(K23=0, 0, (K24 - K23) / K23), 0)) -> -1 | N24: =IF($C$4="", SUMIFS('무신사 메타 광고'!$X:$X, '무신사 메타 광고'!$D:$D, $B24),SUMIFS('무신사 메타 광고'!$X:$X,'무신사 메타 광고'!I:I,$C$4,'무신사 메타 광고'!D:D,$B24)) -> 13187275 | O24: =IFERROR( N24/(N24+D24),0 ) -> 0.8787694 | S24: =IF($S$4="", SUMIFS('무신사 메타 광고'!$L:$L, '무신사 메타 광고'!$C:$C, $R24),SUMIFS('무신사 메타 광고'!L:L,'무신사 메타 광고'!$I:$I,$S$4,'무신사 메타 광고'!$C:$C,$R24)) -> 0 | T24: =IF($S$4="", SUMIFS('무신사 메타 광고'!$V:$V, '무신사 메타 광고'!$C:$C, $R24),SUMIFS('무신사 메타 광고'!$V:$V,'무신사 메타 광고'!$I:$I,$S$4,'무신사 메타 광고'!$C:$C,$R24)) -> 0 | U24: =IFERROR(T24/S24,0) -> 0 | V24: =IF( IFERROR(IF(U23=0, 0, (U24 - U23) / U23), 0)=0," ",IFERROR(IF(U23=0, 0, (U24 - U23) / U23), 0)) | W24: =IF($S$4="", SUMIFS('무신사 메타 광고'!$K:$K, '무신사 메타 광고'!$C:$C, $R24),SUMIFS('무신사 메타 광고'!$K:$K,'무신사 메타 광고'!$I:$I,$S$4,'무신사 메타 광고'!$C:$C,$R24)) -> 0 | X24: =IF($S$4="", SUMIFS('무신사 메타 광고'!$N:$N, '무신사 메타 광고'!$C:$C, $R24),SUMIFS('무신사 메타 광고'!$N:$N,'무신사 메타 광고'!$I:$I,$S$4,'무신사 메타 광고'!$C:$C,$R24)) -> 0 | Y24: =IFERROR(X24/W24,0) -> 0 | Z24: =IF( IFERROR(IF(Y23=0, 0, (Y24 - Y23) / Y23), 0)=0," ",IFERROR(IF(Y23=0, 0, (Y24 - Y23) / Y23), 0)) | AB24: =IF($S$4="", SUMIFS('무신사 메타 광고'!$X:$X, '무신사 메타 광고'!$C:$C, $R24),SUMIFS('무신사 메타 광고'!$X:$X,'무신사 메타 광고'!$I:$I,$S$4,'무신사 메타 광고'!$C:$C,$R24)) -> 0 | AC24: =IFERROR( AB24/(AB24+T24),0 ) -> 0
A25: =MONTH(B25) -> 4 | B25: =IFERROR(__xludf.DUMMYFUNCTION("""COMPUTED_VALUE"""),46129) -> 46129 | C25: =IF($C$4="", SUMIFS('무신사 메타 광고'!$L:$L, '무신사 메타 광고'!$D:$D, $B25), SUMIFS('무신사 메타 광고'!$L:$L, '무신사 메타 광고'!$I:$I, $C$4, '무신사 메타 광고'!$D:$D, $B25)) -> 56520 | D25: =IF($C$4="", SUMIFS('무신사 메타 광고'!$V:$V, '무신사 메타 광고'!$D:$D, $B25), SUMIFS('무신사 메타 광고'!$V:$V,'무신사 메타 광고'!$I:$I,$C$4,'무신사 메타 광고'!$D:$D,$B25)) -> 1141350 | E25: =IFERROR(D25/C25,0) -> 20.193737 | F25: =IF( IFERROR(IF(E24=0, 0, (E25 - E24) / E24), 0)=0," ",IFERROR(IF(E24=0, 0, (E25 - E24) / E24), 0)) -> -0.39155164 | G25: =IF($C$4="", SUMIFS('무신사 메타 광고'!$K:$K, '무신사 메타 광고'!$D:$D, $B25), SUMIFS('무신사 메타 광고'!$K:$K,'무신사 메타 광고'!$I:$I,$C$4,'무신사 메타 광고'!D:D,$B25)) -> 16004 | H25: =IF($C$4="", SUMIFS('무신사 메타 광고'!$N:$N, '무신사 메타 광고'!$D:$D, $B25),SUMIFS('무신사 메타 광고'!$N:$N,'무신사 메타 광고'!$I:$I,$C$4,'무신사 메타 광고'!$D:$D,$B25)) -> 354 | I25: =IF($C$4="", SUMIFS('무신사 메타 광고'!$U:$U, '무신사 메타 광고'!$D:$D, $B25),SUMIFS('무신사 메타 광고'!$U:$U,'무신사 메타 광고'!$I:$I,$C$4,'무신사 메타 광고'!$D:$D,$B25)) -> 10 | J25: =IFERROR( I25/H25,0) -> 0.028248588 | K25: =IFERROR(H25/G25,0) -> 0.02211947 | L25: =IF( IFERROR(IF(K24=0, 0, (K25 - K24) / K24), 0)=0," ",IFERROR(IF(K24=0, 0, (K25 - K24) / K24), 0)) | N25: =IF($C$4="", SUMIFS('무신사 메타 광고'!$X:$X, '무신사 메타 광고'!$D:$D, $B25),SUMIFS('무신사 메타 광고'!$X:$X,'무신사 메타 광고'!I:I,$C$4,'무신사 메타 광고'!D:D,$B25)) -> 14729266 | O25: =IFERROR( N25/(N25+D25),0 ) -> 0.92808408 | S25: =IF($S$4="", SUMIFS('무신사 메타 광고'!$L:$L, '무신사 메타 광고'!$C:$C, $R25),SUMIFS('무신사 메타 광고'!L:L,'무신사 메타 광고'!$I:$I,$S$4,'무신사 메타 광고'!$C:$C,$R25)) -> 0 | T25: =IF($S$4="", SUMIFS('무신사 메타 광고'!$V:$V, '무신사 메타 광고'!$C:$C, $R25),SUMIFS('무신사 메타 광고'!$V:$V,'무신사 메타 광고'!$I:$I,$S$4,'무신사 메타 광고'!$C:$C,$R25)) -> 0 | U25: =IFERROR(T25/S25,0) -> 0 | V25: =IF( IFERROR(IF(U24=0, 0, (U25 - U24) / U24), 0)=0," ",IFERROR(IF(U24=0, 0, (U25 - U24) / U24), 0)) | W25: =IF($S$4="", SUMIFS('무신사 메타 광고'!$K:$K, '무신사 메타 광고'!$C:$C, $R25),SUMIFS('무신사 메타 광고'!$K:$K,'무신사 메타 광고'!$I:$I,$S$4,'무신사 메타 광고'!$C:$C,$R25)) -> 0 | X25: =IF($S$4="", SUMIFS('무신사 메타 광고'!$N:$N, '무신사 메타 광고'!$C:$C, $R25),SUMIFS('무신사 메타 광고'!$N:$N,'무신사 메타 광고'!$I:$I,$S$4,'무신사 메타 광고'!$C:$C,$R25)) -> 0 | Y25: =IFERROR(X25/W25,0) -> 0 | Z25: =IF( IFERROR(IF(Y24=0, 0, (Y25 - Y24) / Y24), 0)=0," ",IFERROR(IF(Y24=0, 0, (Y25 - Y24) / Y24), 0)) | AB25: =IF($S$4="", SUMIFS('무신사 메타 광고'!$X:$X, '무신사 메타 광고'!$C:$C, $R25),SUMIFS('무신사 메타 광고'!$X:$X,'무신사 메타 광고'!$I:$I,$S$4,'무신사 메타 광고'!$C:$C,$R25)) -> 0 | AC25: =IFERROR( AB25/(AB25+T25),0 ) -> 0
A26: =MONTH(B26) -> 4 | B26: =IFERROR(__xludf.DUMMYFUNCTION("""COMPUTED_VALUE"""),46130) -> 46130 | C26: =IF($C$4="", SUMIFS('무신사 메타 광고'!$L:$L, '무신사 메타 광고'!$D:$D, $B26), SUMIFS('무신사 메타 광고'!$L:$L, '무신사 메타 광고'!$I:$I, $C$4, '무신사 메타 광고'!$D:$D, $B26)) -> 53146 | D26: =IF($C$4="", SUMIFS('무신사 메타 광고'!$V:$V, '무신사 메타 광고'!$D:$D, $B26), SUMIFS('무신사 메타 광고'!$V:$V,'무신사 메타 광고'!$I:$I,$C$4,'무신사 메타 광고'!$D:$D,$B26)) -> 445000 | E26: =IFERROR(D26/C26,0) -> 8.3731607 | F26: =IF( IFERROR(IF(E25=0, 0, (E26 - E25) / E25), 0)=0," ",IFERROR(IF(E25=0, 0, (E26 - E25) / E25), 0)) -> -0.58535853 | G26: =IF($C$4="", SUMIFS('무신사 메타 광고'!$K:$K, '무신사 메타 광고'!$D:$D, $B26), SUMIFS('무신사 메타 광고'!$K:$K,'무신사 메타 광고'!$I:$I,$C$4,'무신사 메타 광고'!D:D,$B26)) -> 16356 | H26: =IF($C$4="", SUMIFS('무신사 메타 광고'!$N:$N, '무신사 메타 광고'!$D:$D, $B26),SUMIFS('무신사 메타 광고'!$N:$N,'무신사 메타 광고'!$I:$I,$C$4,'무신사 메타 광고'!$D:$D,$B26)) -> 453 | I26: =IF($C$4="", SUMIFS('무신사 메타 광고'!$U:$U, '무신사 메타 광고'!$D:$D, $B26),SUMIFS('무신사 메타 광고'!$U:$U,'무신사 메타 광고'!$I:$I,$C$4,'무신사 메타 광고'!$D:$D,$B26)) -> 6 | J26: =IFERROR( I26/H26,0) -> 0.013245033 | K26: =IFERROR(H26/G26,0) -> 0.027696258 | L26: =IF( IFERROR(IF(K25=0, 0, (K26 - K25) / K25), 0)=0," ",IFERROR(IF(K25=0, 0, (K26 - K25) / K25), 0)) -> 0.25212123 | N26: =IF($C$4="", SUMIFS('무신사 메타 광고'!$X:$X, '무신사 메타 광고'!$D:$D, $B26),SUMIFS('무신사 메타 광고'!$X:$X,'무신사 메타 광고'!I:I,$C$4,'무신사 메타 광고'!D:D,$B26)) -> 16377000 | O26: =IFERROR( N26/(N26+D26),0 ) -> 0.97354655 | S26: =IF($S$4="", SUMIFS('무신사 메타 광고'!$L:$L, '무신사 메타 광고'!$C:$C, $R26),SUMIFS('무신사 메타 광고'!L:L,'무신사 메타 광고'!$I:$I,$S$4,'무신사 메타 광고'!$C:$C,$R26)) -> 0 | T26: =IF($S$4="", SUMIFS('무신사 메타 광고'!$V:$V, '무신사 메타 광고'!$C:$C, $R26),SUMIFS('무신사 메타 광고'!$V:$V,'무신사 메타 광고'!$I:$I,$S$4,'무신사 메타 광고'!$C:$C,$R26)) -> 0 | U26: =IFERROR(T26/S26,0) -> 0 | V26: =IF( IFERROR(IF(U25=0, 0, (U26 - U25) / U25), 0)=0," ",IFERROR(IF(U25=0, 0, (U26 - U25) / U25), 0)) | W26: =IF($S$4="", SUMIFS('무신사 메타 광고'!$K:$K, '무신사 메타 광고'!$C:$C, $R26),SUMIFS('무신사 메타 광고'!$K:$K,'무신사 메타 광고'!$I:$I,$S$4,'무신사 메타 광고'!$C:$C,$R26)) -> 0 | X26: =IF($S$4="", SUMIFS('무신사 메타 광고'!$N:$N, '무신사 메타 광고'!$C:$C, $R26),SUMIFS('무신사 메타 광고'!$N:$N,'무신사 메타 광고'!$I:$I,$S$4,'무신사 메타 광고'!$C:$C,$R26)) -> 0 | Y26: =IFERROR(X26/W26,0) -> 0 | Z26: =IF( IFERROR(IF(Y25=0, 0, (Y26 - Y25) / Y25), 0)=0," ",IFERROR(IF(Y25=0, 0, (Y26 - Y25) / Y25), 0)) | AB26: =IF($S$4="", SUMIFS('무신사 메타 광고'!$X:$X, '무신사 메타 광고'!$C:$C, $R26),SUMIFS('무신사 메타 광고'!$X:$X,'무신사 메타 광고'!$I:$I,$S$4,'무신사 메타 광고'!$C:$C,$R26)) -> 0 | AC26: =IFERROR( AB26/(AB26+T26),0 ) -> 0
A27: =MONTH(B27) -> 4 | B27: =IFERROR(__xludf.DUMMYFUNCTION("""COMPUTED_VALUE"""),46131) -> 46131 | C27: =IF($C$4="", SUMIFS('무신사 메타 광고'!$L:$L, '무신사 메타 광고'!$D:$D, $B27), SUMIFS('무신사 메타 광고'!$L:$L, '무신사 메타 광고'!$I:$I, $C$4, '무신사 메타 광고'!$D:$D, $B27)) -> 55963 | D27: =IF($C$4="", SUMIFS('무신사 메타 광고'!$V:$V, '무신사 메타 광고'!$D:$D, $B27), SUMIFS('무신사 메타 광고'!$V:$V,'무신사 메타 광고'!$I:$I,$C$4,'무신사 메타 광고'!$D:$D,$B27)) -> 2436750 | E27: =IFERROR(D27/C27,0) -> 43.542162 | F27: =IF( IFERROR(IF(E26=0, 0, (E27 - E26) / E26), 0)=0," ",IFERROR(IF(E26=0, 0, (E27 - E26) / E26), 0)) -> 4.2002061 | G27: =IF($C$4="", SUMIFS('무신사 메타 광고'!$K:$K, '무신사 메타 광고'!$D:$D, $B27), SUMIFS('무신사 메타 광고'!$K:$K,'무신사 메타 광고'!$I:$I,$C$4,'무신사 메타 광고'!D:D,$B27)) -> 17882 | H27: =IF($C$4="", SUMIFS('무신사 메타 광고'!$N:$N, '무신사 메타 광고'!$D:$D, $B27),SUMIFS('무신사 메타 광고'!$N:$N,'무신사 메타 광고'!$I:$I,$C$4,'무신사 메타 광고'!$D:$D,$B27)) -> 432 | I27: =IF($C$4="", SUMIFS('무신사 메타 광고'!$U:$U, '무신사 메타 광고'!$D:$D, $B27),SUMIFS('무신사 메타 광고'!$U:$U,'무신사 메타 광고'!$I:$I,$C$4,'무신사 메타 광고'!$D:$D,$B27)) -> 20 | J27: =IFERROR( I27/H27,0) -> 0.046296296 | K27: =IFERROR(H27/G27,0) -> 0.024158372 | L27: =IF( IFERROR(IF(K26=0, 0, (K27 - K26) / K26), 0)=0," ",IFERROR(IF(K26=0, 0, (K27 - K26) / K26), 0)) -> -0.1277388 | N27: =IF($C$4="", SUMIFS('무신사 메타 광고'!$X:$X, '무신사 메타 광고'!$D:$D, $B27),SUMIFS('무신사 메타 광고'!$X:$X,'무신사 메타 광고'!I:I,$C$4,'무신사 메타 광고'!D:D,$B27)) -> 19287710 | O27: =IFERROR( N27/(N27+D27),0 ) -> 0.88783381 | S27: =IF($S$4="", SUMIFS('무신사 메타 광고'!$L:$L, '무신사 메타 광고'!$C:$C, $R27),SUMIFS('무신사 메타 광고'!L:L,'무신사 메타 광고'!$I:$I,$S$4,'무신사 메타 광고'!$C:$C,$R27)) -> 0 | T27: =IF($S$4="", SUMIFS('무신사 메타 광고'!$V:$V, '무신사 메타 광고'!$C:$C, $R27),SUMIFS('무신사 메타 광고'!$V:$V,'무신사 메타 광고'!$I:$I,$S$4,'무신사 메타 광고'!$C:$C,$R27)) -> 0 | U27: =IFERROR(T27/S27,0) -> 0 | V27: =IF( IFERROR(IF(U26=0, 0, (U27 - U26) / U26), 0)=0," ",IFERROR(IF(U26=0, 0, (U27 - U26) / U26), 0)) | W27: =IF($S$4="", SUMIFS('무신사 메타 광고'!$K:$K, '무신사 메타 광고'!$C:$C, $R27),SUMIFS('무신사 메타 광고'!$K:$K,'무신사 메타 광고'!$I:$I,$S$4,'무신사 메타 광고'!$C:$C,$R27)) -> 0 | X27: =IF($S$4="", SUMIFS('무신사 메타 광고'!$N:$N, '무신사 메타 광고'!$C:$C, $R27),SUMIFS('무신사 메타 광고'!$N:$N,'무신사 메타 광고'!$I:$I,$S$4,'무신사 메타 광고'!$C:$C,$R27)) -> 0 | Y27: =IFERROR(X27/W27,0) -> 0 | Z27: =IF( IFERROR(IF(Y26=0, 0, (Y27 - Y26) / Y26), 0)=0," ",IFERROR(IF(Y26=0, 0, (Y27 - Y26) / Y26), 0)) | AB27: =IF($S$4="", SUMIFS('무신사 메타 광고'!$X:$X, '무신사 메타 광고'!$C:$C, $R27),SUMIFS('무신사 메타 광고'!$X:$X,'무신사 메타 광고'!$I:$I,$S$4,'무신사 메타 광고'!$C:$C,$R27)) -> 0 | AC27: =IFERROR( AB27/(AB27+T27),0 ) -> 0
A28: =MONTH(B28) -> 4 | B28: =IFERROR(__xludf.DUMMYFUNCTION("""COMPUTED_VALUE"""),46132) -> 46132 | C28: =IF($C$4="", SUMIFS('무신사 메타 광고'!$L:$L, '무신사 메타 광고'!$D:$D, $B28), SUMIFS('무신사 메타 광고'!$L:$L, '무신사 메타 광고'!$I:$I, $C$4, '무신사 메타 광고'!$D:$D, $B28)) -> 60554 | D28: =IF($C$4="", SUMIFS('무신사 메타 광고'!$V:$V, '무신사 메타 광고'!$D:$D, $B28), SUMIFS('무신사 메타 광고'!$V:$V,'무신사 메타 광고'!$I:$I,$C$4,'무신사 메타 광고'!$D:$D,$B28)) -> 1186350 | E28: =IFERROR(D28/C28,0) -> 19.591604 | F28: =IF( IFERROR(IF(E27=0, 0, (E28 - E27) / E27), 0)=0," ",IFERROR(IF(E27=0, 0, (E28 - E27) / E27), 0)) -> -0.5500544 | G28: =IF($C$4="", SUMIFS('무신사 메타 광고'!$K:$K, '무신사 메타 광고'!$D:$D, $B28), SUMIFS('무신사 메타 광고'!$K:$K,'무신사 메타 광고'!$I:$I,$C$4,'무신사 메타 광고'!D:D,$B28)) -> 18373 | H28: =IF($C$4="", SUMIFS('무신사 메타 광고'!$N:$N, '무신사 메타 광고'!$D:$D, $B28),SUMIFS('무신사 메타 광고'!$N:$N,'무신사 메타 광고'!$I:$I,$C$4,'무신사 메타 광고'!$D:$D,$B28)) -> 402 | I28: =IF($C$4="", SUMIFS('무신사 메타 광고'!$U:$U, '무신사 메타 광고'!$D:$D, $B28),SUMIFS('무신사 메타 광고'!$U:$U,'무신사 메타 광고'!$I:$I,$C$4,'무신사 메타 광고'!$D:$D,$B28)) -> 11 | J28: =IFERROR( I28/H28,0) -> 0.027363184 | K28: =IFERROR(H28/G28,0) -> 0.021879933 | L28: =IF( IFERROR(IF(K27=0, 0, (K28 - K27) / K27), 0)=0," ",IFERROR(IF(K27=0, 0, (K28 - K27) / K27), 0)) -> -0.094312608 | N28: =IF($C$4="", SUMIFS('무신사 메타 광고'!$X:$X, '무신사 메타 광고'!$D:$D, $B28),SUMIFS('무신사 메타 광고'!$X:$X,'무신사 메타 광고'!I:I,$C$4,'무신사 메타 광고'!D:D,$B28)) -> 8806100 | O28: =IFERROR( N28/(N28+D28),0 ) -> 0.88127536 | S28: =IF($S$4="", SUMIFS('무신사 메타 광고'!$L:$L, '무신사 메타 광고'!$C:$C, $R28),SUMIFS('무신사 메타 광고'!L:L,'무신사 메타 광고'!$I:$I,$S$4,'무신사 메타 광고'!$C:$C,$R28)) -> 0 | T28: =IF($S$4="", SUMIFS('무신사 메타 광고'!$V:$V, '무신사 메타 광고'!$C:$C, $R28),SUMIFS('무신사 메타 광고'!$V:$V,'무신사 메타 광고'!$I:$I,$S$4,'무신사 메타 광고'!$C:$C,$R28)) -> 0 | U28: =IFERROR(T28/S28,0) -> 0 | V28: =IF( IFERROR(IF(U27=0, 0, (U28 - U27) / U27), 0)=0," ",IFERROR(IF(U27=0, 0, (U28 - U27) / U27), 0)) | W28: =IF($S$4="", SUMIFS('무신사 메타 광고'!$K:$K, '무신사 메타 광고'!$C:$C, $R28),SUMIFS('무신사 메타 광고'!$K:$K,'무신사 메타 광고'!$I:$I,$S$4,'무신사 메타 광고'!$C:$C,$R28)) -> 0 | X28: =IF($S$4="", SUMIFS('무신사 메타 광고'!$N:$N, '무신사 메타 광고'!$C:$C, $R28),SUMIFS('무신사 메타 광고'!$N:$N,'무신사 메타 광고'!$I:$I,$S$4,'무신사 메타 광고'!$C:$C,$R28)) -> 0 | Y28: =IFERROR(X28/W28,0) -> 0 | Z28: =IF( IFERROR(IF(Y27=0, 0, (Y28 - Y27) / Y27), 0)=0," ",IFERROR(IF(Y27=0, 0, (Y28 - Y27) / Y27), 0)) | AB28: =IF($S$4="", SUMIFS('무신사 메타 광고'!$X:$X, '무신사 메타 광고'!$C:$C, $R28),SUMIFS('무신사 메타 광고'!$X:$X,'무신사 메타 광고'!$I:$I,$S$4,'무신사 메타 광고'!$C:$C,$R28)) -> 0 | AC28: =IFERROR( AB28/(AB28+T28),0 ) -> 0
A29: =MONTH(B29) -> 4 | B29: =IFERROR(__xludf.DUMMYFUNCTION("""COMPUTED_VALUE"""),46133) -> 46133 | C29: =IF($C$4="", SUMIFS('무신사 메타 광고'!$L:$L, '무신사 메타 광고'!$D:$D, $B29), SUMIFS('무신사 메타 광고'!$L:$L, '무신사 메타 광고'!$I:$I, $C$4, '무신사 메타 광고'!$D:$D, $B29)) -> 63079 | D29: =IF($C$4="", SUMIFS('무신사 메타 광고'!$V:$V, '무신사 메타 광고'!$D:$D, $B29), SUMIFS('무신사 메타 광고'!$V:$V,'무신사 메타 광고'!$I:$I,$C$4,'무신사 메타 광고'!$D:$D,$B29)) -> 1042200 | E29: =IFERROR(D29/C29,0) -> 16.522139 | F29: =IF( IFERROR(IF(E28=0, 0, (E29 - E28) / E28), 0)=0," ",IFERROR(IF(E28=0, 0, (E29 - E28) / E28), 0)) -> -0.15667248 | G29: =IF($C$4="", SUMIFS('무신사 메타 광고'!$K:$K, '무신사 메타 광고'!$D:$D, $B29), SUMIFS('무신사 메타 광고'!$K:$K,'무신사 메타 광고'!$I:$I,$C$4,'무신사 메타 광고'!D:D,$B29)) -> 18502 | H29: =IF($C$4="", SUMIFS('무신사 메타 광고'!$N:$N, '무신사 메타 광고'!$D:$D, $B29),SUMIFS('무신사 메타 광고'!$N:$N,'무신사 메타 광고'!$I:$I,$C$4,'무신사 메타 광고'!$D:$D,$B29)) -> 383 | I29: =IF($C$4="", SUMIFS('무신사 메타 광고'!$U:$U, '무신사 메타 광고'!$D:$D, $B29),SUMIFS('무신사 메타 광고'!$U:$U,'무신사 메타 광고'!$I:$I,$C$4,'무신사 메타 광고'!$D:$D,$B29)) -> 10 | J29: =IFERROR( I29/H29,0) -> 0.026109661 | K29: =IFERROR(H29/G29,0) -> 0.020700465 | L29: =IF( IFERROR(IF(K28=0, 0, (K29 - K28) / K28), 0)=0," ",IFERROR(IF(K28=0, 0, (K29 - K28) / K28), 0)) -> -0.053906368 | N29: =IF($C$4="", SUMIFS('무신사 메타 광고'!$X:$X, '무신사 메타 광고'!$D:$D, $B29),SUMIFS('무신사 메타 광고'!$X:$X,'무신사 메타 광고'!I:I,$C$4,'무신사 메타 광고'!D:D,$B29)) -> 12143218 | O29: =IFERROR( N29/(N29+D29),0 ) -> 0.92095814 | S29: =IF($S$4="", SUMIFS('무신사 메타 광고'!$L:$L, '무신사 메타 광고'!$C:$C, $R29),SUMIFS('무신사 메타 광고'!L:L,'무신사 메타 광고'!$I:$I,$S$4,'무신사 메타 광고'!$C:$C,$R29)) -> 0 | T29: =IF($S$4="", SUMIFS('무신사 메타 광고'!$V:$V, '무신사 메타 광고'!$C:$C, $R29),SUMIFS('무신사 메타 광고'!$V:$V,'무신사 메타 광고'!$I:$I,$S$4,'무신사 메타 광고'!$C:$C,$R29)) -> 0 | U29: =IFERROR(T29/S29,0) -> 0 | V29: =IF( IFERROR(IF(U28=0, 0, (U29 - U28) / U28), 0)=0," ",IFERROR(IF(U28=0, 0, (U29 - U28) / U28), 0)) | W29: =IF($S$4="", SUMIFS('무신사 메타 광고'!$K:$K, '무신사 메타 광고'!$C:$C, $R29),SUMIFS('무신사 메타 광고'!$K:$K,'무신사 메타 광고'!$I:$I,$S$4,'무신사 메타 광고'!$C:$C,$R29)) -> 0 | X29: =IF($S$4="", SUMIFS('무신사 메타 광고'!$N:$N, '무신사 메타 광고'!$C:$C, $R29),SUMIFS('무신사 메타 광고'!$N:$N,'무신사 메타 광고'!$I:$I,$S$4,'무신사 메타 광고'!$C:$C,$R29)) -> 0 | Y29: =IFERROR(X29/W29,0) -> 0 | Z29: =IF( IFERROR(IF(Y28=0, 0, (Y29 - Y28) / Y28), 0)=0," ",IFERROR(IF(Y28=0, 0, (Y29 - Y28) / Y28), 0)) | AB29: =IF($S$4="", SUMIFS('무신사 메타 광고'!$X:$X, '무신사 메타 광고'!$C:$C, $R29),SUMIFS('무신사 메타 광고'!$X:$X,'무신사 메타 광고'!$I:$I,$S$4,'무신사 메타 광고'!$C:$C,$R29)) -> 0 | AC29: =IFERROR( AB29/(AB29+T29),0 ) -> 0
A30: =MONTH(B30) -> 4 | B30: =IFERROR(__xludf.DUMMYFUNCTION("""COMPUTED_VALUE"""),46134) -> 46134 | C30: =IF($C$4="", SUMIFS('무신사 메타 광고'!$L:$L, '무신사 메타 광고'!$D:$D, $B30), SUMIFS('무신사 메타 광고'!$L:$L, '무신사 메타 광고'!$I:$I, $C$4, '무신사 메타 광고'!$D:$D, $B30)) -> 62745 | D30: =IF($C$4="", SUMIFS('무신사 메타 광고'!$V:$V, '무신사 메타 광고'!$D:$D, $B30), SUMIFS('무신사 메타 광고'!$V:$V,'무신사 메타 광고'!$I:$I,$C$4,'무신사 메타 광고'!$D:$D,$B30)) -> 1350400 | E30: =IFERROR(D30/C30,0) -> 21.522034 | F30: =IF( IFERROR(IF(E29=0, 0, (E30 - E29) / E29), 0)=0," ",IFERROR(IF(E29=0, 0, (E30 - E29) / E29), 0)) -> 0.30261788 | G30: =IF($C$4="", SUMIFS('무신사 메타 광고'!$K:$K, '무신사 메타 광고'!$D:$D, $B30), SUMIFS('무신사 메타 광고'!$K:$K,'무신사 메타 광고'!$I:$I,$C$4,'무신사 메타 광고'!D:D,$B30)) -> 19642 | H30: =IF($C$4="", SUMIFS('무신사 메타 광고'!$N:$N, '무신사 메타 광고'!$D:$D, $B30),SUMIFS('무신사 메타 광고'!$N:$N,'무신사 메타 광고'!$I:$I,$C$4,'무신사 메타 광고'!$D:$D,$B30)) -> 427 | I30: =IF($C$4="", SUMIFS('무신사 메타 광고'!$U:$U, '무신사 메타 광고'!$D:$D, $B30),SUMIFS('무신사 메타 광고'!$U:$U,'무신사 메타 광고'!$I:$I,$C$4,'무신사 메타 광고'!$D:$D,$B30)) -> 13 | J30: =IFERROR( I30/H30,0) -> 0.030444965 | K30: =IFERROR(H30/G30,0) -> 0.02173913 | L30: =IF( IFERROR(IF(K29=0, 0, (K30 - K29) / K29), 0)=0," ",IFERROR(IF(K29=0, 0, (K30 - K29) / K29), 0)) -> 0.050175956 | N30: =IF($C$4="", SUMIFS('무신사 메타 광고'!$X:$X, '무신사 메타 광고'!$D:$D, $B30),SUMIFS('무신사 메타 광고'!$X:$X,'무신사 메타 광고'!I:I,$C$4,'무신사 메타 광고'!D:D,$B30)) -> 14507850 | O30: =IFERROR( N30/(N30+D30),0 ) -> 0.91484559 | S30: =IF($S$4="", SUMIFS('무신사 메타 광고'!$L:$L, '무신사 메타 광고'!$C:$C, $R30),SUMIFS('무신사 메타 광고'!L:L,'무신사 메타 광고'!$I:$I,$S$4,'무신사 메타 광고'!$C:$C,$R30)) -> 0 | T30: =IF($S$4="", SUMIFS('무신사 메타 광고'!$V:$V, '무신사 메타 광고'!$C:$C, $R30),SUMIFS('무신사 메타 광고'!$V:$V,'무신사 메타 광고'!$I:$I,$S$4,'무신사 메타 광고'!$C:$C,$R30)) -> 0 | U30: =IFERROR(T30/S30,0) -> 0 | V30: =IF( IFERROR(IF(U29=0, 0, (U30 - U29) / U29), 0)=0," ",IFERROR(IF(U29=0, 0, (U30 - U29) / U29), 0)) | W30: =IF($S$4="", SUMIFS('무신사 메타 광고'!$K:$K, '무신사 메타 광고'!$C:$C, $R30),SUMIFS('무신사 메타 광고'!$K:$K,'무신사 메타 광고'!$I:$I,$S$4,'무신사 메타 광고'!$C:$C,$R30)) -> 0 | X30: =IF($S$4="", SUMIFS('무신사 메타 광고'!$N:$N, '무신사 메타 광고'!$C:$C, $R30),SUMIFS('무신사 메타 광고'!$N:$N,'무신사 메타 광고'!$I:$I,$S$4,'무신사 메타 광고'!$C:$C,$R30)) -> 0 | Y30: =IFERROR(X30/W30,0) -> 0 | Z30: =IF( IFERROR(IF(Y29=0, 0, (Y30 - Y29) / Y29), 0)=0," ",IFERROR(IF(Y29=0, 0, (Y30 - Y29) / Y29), 0)) | AB30: =IF($S$4="", SUMIFS('무신사 메타 광고'!$X:$X, '무신사 메타 광고'!$C:$C, $R30),SUMIFS('무신사 메타 광고'!$X:$X,'무신사 메타 광고'!$I:$I,$S$4,'무신사 메타 광고'!$C:$C,$R30)) -> 0 | AC30: =IFERROR( AB30/(AB30+T30),0 ) -> 0
A31: =MONTH(B31) -> 4 | B31: =IFERROR(__xludf.DUMMYFUNCTION("""COMPUTED_VALUE"""),46135) -> 46135 | C31: =IF($C$4="", SUMIFS('무신사 메타 광고'!$L:$L, '무신사 메타 광고'!$D:$D, $B31), SUMIFS('무신사 메타 광고'!$L:$L, '무신사 메타 광고'!$I:$I, $C$4, '무신사 메타 광고'!$D:$D, $B31)) -> 57558 | D31: =IF($C$4="", SUMIFS('무신사 메타 광고'!$V:$V, '무신사 메타 광고'!$D:$D, $B31), SUMIFS('무신사 메타 광고'!$V:$V,'무신사 메타 광고'!$I:$I,$C$4,'무신사 메타 광고'!$D:$D,$B31)) -> 536700 | E31: =IFERROR(D31/C31,0) -> 9.3245075 | F31: =IF( IFERROR(IF(E30=0, 0, (E31 - E30) / E30), 0)=0," ",IFERROR(IF(E30=0, 0, (E31 - E30) / E30), 0)) -> -0.56674599 | G31: =IF($C$4="", SUMIFS('무신사 메타 광고'!$K:$K, '무신사 메타 광고'!$D:$D, $B31), SUMIFS('무신사 메타 광고'!$K:$K,'무신사 메타 광고'!$I:$I,$C$4,'무신사 메타 광고'!D:D,$B31)) -> 19420 | H31: =IF($C$4="", SUMIFS('무신사 메타 광고'!$N:$N, '무신사 메타 광고'!$D:$D, $B31),SUMIFS('무신사 메타 광고'!$N:$N,'무신사 메타 광고'!$I:$I,$C$4,'무신사 메타 광고'!$D:$D,$B31)) -> 461 | I31: =IF($C$4="", SUMIFS('무신사 메타 광고'!$U:$U, '무신사 메타 광고'!$D:$D, $B31),SUMIFS('무신사 메타 광고'!$U:$U,'무신사 메타 광고'!$I:$I,$C$4,'무신사 메타 광고'!$D:$D,$B31)) -> 6 | J31: =IFERROR( I31/H31,0) -> 0.013015184 | K31: =IFERROR(H31/G31,0) -> 0.023738414 | L31: =IF( IFERROR(IF(K30=0, 0, (K31 - K30) / K30), 0)=0," ",IFERROR(IF(K30=0, 0, (K31 - K30) / K30), 0)) -> 0.091967044 | N31: =IF($C$4="", SUMIFS('무신사 메타 광고'!$X:$X, '무신사 메타 광고'!$D:$D, $B31),SUMIFS('무신사 메타 광고'!$X:$X,'무신사 메타 광고'!I:I,$C$4,'무신사 메타 광고'!D:D,$B31)) -> 3461700 | O31: =IFERROR( N31/(N31+D31),0 ) -> 0.86577131 | S31: =IF($S$4="", SUMIFS('무신사 메타 광고'!$L:$L, '무신사 메타 광고'!$C:$C, $R31),SUMIFS('무신사 메타 광고'!L:L,'무신사 메타 광고'!$I:$I,$S$4,'무신사 메타 광고'!$C:$C,$R31)) -> 0 | T31: =IF($S$4="", SUMIFS('무신사 메타 광고'!$V:$V, '무신사 메타 광고'!$C:$C, $R31),SUMIFS('무신사 메타 광고'!$V:$V,'무신사 메타 광고'!$I:$I,$S$4,'무신사 메타 광고'!$C:$C,$R31)) -> 0 | U31: =IFERROR(T31/S31,0) -> 0 | V31: =IF( IFERROR(IF(U30=0, 0, (U31 - U30) / U30), 0)=0," ",IFERROR(IF(U30=0, 0, (U31 - U30) / U30), 0)) | W31: =IF($S$4="", SUMIFS('무신사 메타 광고'!$K:$K, '무신사 메타 광고'!$C:$C, $R31),SUMIFS('무신사 메타 광고'!$K:$K,'무신사 메타 광고'!$I:$I,$S$4,'무신사 메타 광고'!$C:$C,$R31)) -> 0 | X31: =IF($S$4="", SUMIFS('무신사 메타 광고'!$N:$N, '무신사 메타 광고'!$C:$C, $R31),SUMIFS('무신사 메타 광고'!$N:$N,'무신사 메타 광고'!$I:$I,$S$4,'무신사 메타 광고'!$C:$C,$R31)) -> 0 | Y31: =IFERROR(X31/W31,0) -> 0 | Z31: =IF( IFERROR(IF(Y30=0, 0, (Y31 - Y30) / Y30), 0)=0," ",IFERROR(IF(Y30=0, 0, (Y31 - Y30) / Y30), 0)) | AB31: =IF($S$4="", SUMIFS('무신사 메타 광고'!$X:$X, '무신사 메타 광고'!$C:$C, $R31),SUMIFS('무신사 메타 광고'!$X:$X,'무신사 메타 광고'!$I:$I,$S$4,'무신사 메타 광고'!$C:$C,$R31)) -> 0 | AC31: =IFERROR( AB31/(AB31+T31),0 ) -> 0
A32: =MONTH(B32) -> 4 | B32: =IFERROR(__xludf.DUMMYFUNCTION("""COMPUTED_VALUE"""),46136) -> 46136 | C32: =IF($C$4="", SUMIFS('무신사 메타 광고'!$L:$L, '무신사 메타 광고'!$D:$D, $B32), SUMIFS('무신사 메타 광고'!$L:$L, '무신사 메타 광고'!$I:$I, $C$4, '무신사 메타 광고'!$D:$D, $B32)) -> 66960 | D32: =IF($C$4="", SUMIFS('무신사 메타 광고'!$V:$V, '무신사 메타 광고'!$D:$D, $B32), SUMIFS('무신사 메타 광고'!$V:$V,'무신사 메타 광고'!$I:$I,$C$4,'무신사 메타 광고'!$D:$D,$B32)) -> 894750 | E32: =IFERROR(D32/C32,0) -> 13.362455 | F32: =IF( IFERROR(IF(E31=0, 0, (E32 - E31) / E31), 0)=0," ",IFERROR(IF(E31=0, 0, (E32 - E31) / E31), 0)) -> 0.43304676 | G32: =IF($C$4="", SUMIFS('무신사 메타 광고'!$K:$K, '무신사 메타 광고'!$D:$D, $B32), SUMIFS('무신사 메타 광고'!$K:$K,'무신사 메타 광고'!$I:$I,$C$4,'무신사 메타 광고'!D:D,$B32)) -> 18844 | H32: =IF($C$4="", SUMIFS('무신사 메타 광고'!$N:$N, '무신사 메타 광고'!$D:$D, $B32),SUMIFS('무신사 메타 광고'!$N:$N,'무신사 메타 광고'!$I:$I,$C$4,'무신사 메타 광고'!$D:$D,$B32)) -> 566 | I32: =IF($C$4="", SUMIFS('무신사 메타 광고'!$U:$U, '무신사 메타 광고'!$D:$D, $B32),SUMIFS('무신사 메타 광고'!$U:$U,'무신사 메타 광고'!$I:$I,$C$4,'무신사 메타 광고'!$D:$D,$B32)) -> 8 | J32: =IFERROR( I32/H32,0) -> 0.014134276 | K32: =IFERROR(H32/G32,0) -> 0.030036086 | L32: =IF( IFERROR(IF(K31=0, 0, (K32 - K31) / K31), 0)=0," ",IFERROR(IF(K31=0, 0, (K32 - K31) / K31), 0)) -> 0.26529455 | N32: =IF($C$4="", SUMIFS('무신사 메타 광고'!$X:$X, '무신사 메타 광고'!$D:$D, $B32),SUMIFS('무신사 메타 광고'!$X:$X,'무신사 메타 광고'!I:I,$C$4,'무신사 메타 광고'!D:D,$B32)) -> 9632550 | O32: =IFERROR( N32/(N32+D32),0 ) -> 0.9150067 | S32: =IF($S$4="", SUMIFS('무신사 메타 광고'!$L:$L, '무신사 메타 광고'!$C:$C, $R32),SUMIFS('무신사 메타 광고'!L:L,'무신사 메타 광고'!$I:$I,$S$4,'무신사 메타 광고'!$C:$C,$R32)) -> 0 | T32: =IF($S$4="", SUMIFS('무신사 메타 광고'!$V:$V, '무신사 메타 광고'!$C:$C, $R32),SUMIFS('무신사 메타 광고'!$V:$V,'무신사 메타 광고'!$I:$I,$S$4,'무신사 메타 광고'!$C:$C,$R32)) -> 0 | U32: =IFERROR(T32/S32,0) -> 0 | V32: =IF( IFERROR(IF(U31=0, 0, (U32 - U31) / U31), 0)=0," ",IFERROR(IF(U31=0, 0, (U32 - U31) / U31), 0)) | W32: =IF($S$4="", SUMIFS('무신사 메타 광고'!$K:$K, '무신사 메타 광고'!$C:$C, $R32),SUMIFS('무신사 메타 광고'!$K:$K,'무신사 메타 광고'!$I:$I,$S$4,'무신사 메타 광고'!$C:$C,$R32)) -> 0 | X32: =IF($S$4="", SUMIFS('무신사 메타 광고'!$N:$N, '무신사 메타 광고'!$C:$C, $R32),SUMIFS('무신사 메타 광고'!$N:$N,'무신사 메타 광고'!$I:$I,$S$4,'무신사 메타 광고'!$C:$C,$R32)) -> 0 | Y32: =IFERROR(X32/W32,0) -> 0 | Z32: =IF( IFERROR(IF(Y31=0, 0, (Y32 - Y31) / Y31), 0)=0," ",IFERROR(IF(Y31=0, 0, (Y32 - Y31) / Y31), 0)) | AB32: =IF($S$4="", SUMIFS('무신사 메타 광고'!$X:$X, '무신사 메타 광고'!$C:$C, $R32),SUMIFS('무신사 메타 광고'!$X:$X,'무신사 메타 광고'!$I:$I,$S$4,'무신사 메타 광고'!$C:$C,$R32)) -> 0 | AC32: =IFERROR( AB32/(AB32+T32),0 ) -> 0
A33: =MONTH(B33) -> 4 | B33: =IFERROR(__xludf.DUMMYFUNCTION("""COMPUTED_VALUE"""),46137) -> 46137 | C33: =IF($C$4="", SUMIFS('무신사 메타 광고'!$L:$L, '무신사 메타 광고'!$D:$D, $B33), SUMIFS('무신사 메타 광고'!$L:$L, '무신사 메타 광고'!$I:$I, $C$4, '무신사 메타 광고'!$D:$D, $B33)) -> 52508 | D33: =IF($C$4="", SUMIFS('무신사 메타 광고'!$V:$V, '무신사 메타 광고'!$D:$D, $B33), SUMIFS('무신사 메타 광고'!$V:$V,'무신사 메타 광고'!$I:$I,$C$4,'무신사 메타 광고'!$D:$D,$B33)) -> 600900 | E33: =IFERROR(D33/C33,0) -> 11.44397 | F33: =IF( IFERROR(IF(E32=0, 0, (E33 - E32) / E32), 0)=0," ",IFERROR(IF(E32=0, 0, (E33 - E32) / E32), 0)) -> -0.14357277 | G33: =IF($C$4="", SUMIFS('무신사 메타 광고'!$K:$K, '무신사 메타 광고'!$D:$D, $B33), SUMIFS('무신사 메타 광고'!$K:$K,'무신사 메타 광고'!$I:$I,$C$4,'무신사 메타 광고'!D:D,$B33)) -> 16026 | H33: =IF($C$4="", SUMIFS('무신사 메타 광고'!$N:$N, '무신사 메타 광고'!$D:$D, $B33),SUMIFS('무신사 메타 광고'!$N:$N,'무신사 메타 광고'!$I:$I,$C$4,'무신사 메타 광고'!$D:$D,$B33)) -> 566 | I33: =IF($C$4="", SUMIFS('무신사 메타 광고'!$U:$U, '무신사 메타 광고'!$D:$D, $B33),SUMIFS('무신사 메타 광고'!$U:$U,'무신사 메타 광고'!$I:$I,$C$4,'무신사 메타 광고'!$D:$D,$B33)) -> 7 | J33: =IFERROR( I33/H33,0) -> 0.012367491 | K33: =IFERROR(H33/G33,0) -> 0.035317609 | L33: =IF( IFERROR(IF(K32=0, 0, (K33 - K32) / K32), 0)=0," ",IFERROR(IF(K32=0, 0, (K33 - K32) / K32), 0)) -> 0.17583926 | N33: =IF($C$4="", SUMIFS('무신사 메타 광고'!$X:$X, '무신사 메타 광고'!$D:$D, $B33),SUMIFS('무신사 메타 광고'!$X:$X,'무신사 메타 광고'!I:I,$C$4,'무신사 메타 광고'!D:D,$B33)) -> 8519750 | O33: =IFERROR( N33/(N33+D33),0 ) -> 0.93411654 | S33: =IF($S$4="", SUMIFS('무신사 메타 광고'!$L:$L, '무신사 메타 광고'!$C:$C, $R33),SUMIFS('무신사 메타 광고'!L:L,'무신사 메타 광고'!$I:$I,$S$4,'무신사 메타 광고'!$C:$C,$R33)) -> 0 | T33: =IF($S$4="", SUMIFS('무신사 메타 광고'!$V:$V, '무신사 메타 광고'!$C:$C, $R33),SUMIFS('무신사 메타 광고'!$V:$V,'무신사 메타 광고'!$I:$I,$S$4,'무신사 메타 광고'!$C:$C,$R33)) -> 0 | U33: =IFERROR(T33/S33,0) -> 0 | V33: =IF( IFERROR(IF(U32=0, 0, (U33 - U32) / U32), 0)=0," ",IFERROR(IF(U32=0, 0, (U33 - U32) / U32), 0)) | W33: =IF($S$4="", SUMIFS('무신사 메타 광고'!$K:$K, '무신사 메타 광고'!$C:$C, $R33),SUMIFS('무신사 메타 광고'!$K:$K,'무신사 메타 광고'!$I:$I,$S$4,'무신사 메타 광고'!$C:$C,$R33)) -> 0 | X33: =IF($S$4="", SUMIFS('무신사 메타 광고'!$N:$N, '무신사 메타 광고'!$C:$C, $R33),SUMIFS('무신사 메타 광고'!$N:$N,'무신사 메타 광고'!$I:$I,$S$4,'무신사 메타 광고'!$C:$C,$R33)) -> 0 | Y33: =IFERROR(X33/W33,0) -> 0 | Z33: =IF( IFERROR(IF(Y32=0, 0, (Y33 - Y32) / Y32), 0)=0," ",IFERROR(IF(Y32=0, 0, (Y33 - Y32) / Y32), 0)) | AB33: =IF($S$4="", SUMIFS('무신사 메타 광고'!$X:$X, '무신사 메타 광고'!$C:$C, $R33),SUMIFS('무신사 메타 광고'!$X:$X,'무신사 메타 광고'!$I:$I,$S$4,'무신사 메타 광고'!$C:$C,$R33)) -> 0 | AC33: =IFERROR( AB33/(AB33+T33),0 ) -> 0
A34: =MONTH(B34) -> 4 | B34: =IFERROR(__xludf.DUMMYFUNCTION("""COMPUTED_VALUE"""),46138) -> 46138 | C34: =IF($C$4="", SUMIFS('무신사 메타 광고'!$L:$L, '무신사 메타 광고'!$D:$D, $B34), SUMIFS('무신사 메타 광고'!$L:$L, '무신사 메타 광고'!$I:$I, $C$4, '무신사 메타 광고'!$D:$D, $B34)) -> 61784 | D34: =IF($C$4="", SUMIFS('무신사 메타 광고'!$V:$V, '무신사 메타 광고'!$D:$D, $B34), SUMIFS('무신사 메타 광고'!$V:$V,'무신사 메타 광고'!$I:$I,$C$4,'무신사 메타 광고'!$D:$D,$B34)) -> 570750 | E34: =IFERROR(D34/C34,0) -> 9.2378286 | F34: =IF( IFERROR(IF(E33=0, 0, (E34 - E33) / E33), 0)=0," ",IFERROR(IF(E33=0, 0, (E34 - E33) / E33), 0)) -> -0.19277766 | G34: =IF($C$4="", SUMIFS('무신사 메타 광고'!$K:$K, '무신사 메타 광고'!$D:$D, $B34), SUMIFS('무신사 메타 광고'!$K:$K,'무신사 메타 광고'!$I:$I,$C$4,'무신사 메타 광고'!D:D,$B34)) -> 19397 | H34: =IF($C$4="", SUMIFS('무신사 메타 광고'!$N:$N, '무신사 메타 광고'!$D:$D, $B34),SUMIFS('무신사 메타 광고'!$N:$N,'무신사 메타 광고'!$I:$I,$C$4,'무신사 메타 광고'!$D:$D,$B34)) -> 615 | I34: =IF($C$4="", SUMIFS('무신사 메타 광고'!$U:$U, '무신사 메타 광고'!$D:$D, $B34),SUMIFS('무신사 메타 광고'!$U:$U,'무신사 메타 광고'!$I:$I,$C$4,'무신사 메타 광고'!$D:$D,$B34)) -> 6 | J34: =IFERROR( I34/H34,0) -> 0.0097560976 | K34: =IFERROR(H34/G34,0) -> 0.031705934 | L34: =IF( IFERROR(IF(K33=0, 0, (K34 - K33) / K33), 0)=0," ",IFERROR(IF(K33=0, 0, (K34 - K33) / K33), 0)) -> -0.10226273 | N34: =IF($C$4="", SUMIFS('무신사 메타 광고'!$X:$X, '무신사 메타 광고'!$D:$D, $B34),SUMIFS('무신사 메타 광고'!$X:$X,'무신사 메타 광고'!I:I,$C$4,'무신사 메타 광고'!D:D,$B34)) -> 12479550 | O34: =IFERROR( N34/(N34+D34),0 ) -> 0.95626537 | S34: =IF($S$4="", SUMIFS('무신사 메타 광고'!$L:$L, '무신사 메타 광고'!$C:$C, $R34),SUMIFS('무신사 메타 광고'!L:L,'무신사 메타 광고'!$I:$I,$S$4,'무신사 메타 광고'!$C:$C,$R34)) -> 0 | T34: =IF($S$4="", SUMIFS('무신사 메타 광고'!$V:$V, '무신사 메타 광고'!$C:$C, $R34),SUMIFS('무신사 메타 광고'!$V:$V,'무신사 메타 광고'!$I:$I,$S$4,'무신사 메타 광고'!$C:$C,$R34)) -> 0 | U34: =IFERROR(T34/S34,0) -> 0 | V34: =IF( IFERROR(IF(U33=0, 0, (U34 - U33) / U33), 0)=0," ",IFERROR(IF(U33=0, 0, (U34 - U33) / U33), 0)) | W34: =IF($S$4="", SUMIFS('무신사 메타 광고'!$K:$K, '무신사 메타 광고'!$C:$C, $R34),SUMIFS('무신사 메타 광고'!$K:$K,'무신사 메타 광고'!$I:$I,$S$4,'무신사 메타 광고'!$C:$C,$R34)) -> 0 | X34: =IF($S$4="", SUMIFS('무신사 메타 광고'!$N:$N, '무신사 메타 광고'!$C:$C, $R34),SUMIFS('무신사 메타 광고'!$N:$N,'무신사 메타 광고'!$I:$I,$S$4,'무신사 메타 광고'!$C:$C,$R34)) -> 0 | Y34: =IFERROR(X34/W34,0) -> 0 | Z34: =IF( IFERROR(IF(Y33=0, 0, (Y34 - Y33) / Y33), 0)=0," ",IFERROR(IF(Y33=0, 0, (Y34 - Y33) / Y33), 0)) | AB34: =IF($S$4="", SUMIFS('무신사 메타 광고'!$X:$X, '무신사 메타 광고'!$C:$C, $R34),SUMIFS('무신사 메타 광고'!$X:$X,'무신사 메타 광고'!$I:$I,$S$4,'무신사 메타 광고'!$C:$C,$R34)) -> 0 | AC34: =IFERROR( AB34/(AB34+T34),0 ) -> 0
A35: =MONTH(B35) -> 4 | B35: =IFERROR(__xludf.DUMMYFUNCTION("""COMPUTED_VALUE"""),46139) -> 46139 | C35: =IF($C$4="", SUMIFS('무신사 메타 광고'!$L:$L, '무신사 메타 광고'!$D:$D, $B35), SUMIFS('무신사 메타 광고'!$L:$L, '무신사 메타 광고'!$I:$I, $C$4, '무신사 메타 광고'!$D:$D, $B35)) -> 57445 | D35: =IF($C$4="", SUMIFS('무신사 메타 광고'!$V:$V, '무신사 메타 광고'!$D:$D, $B35), SUMIFS('무신사 메타 광고'!$V:$V,'무신사 메타 광고'!$I:$I,$C$4,'무신사 메타 광고'!$D:$D,$B35)) -> 1826050 | E35: =IFERROR(D35/C35,0) -> 31.787797 | F35: =IF( IFERROR(IF(E34=0, 0, (E35 - E34) / E34), 0)=0," ",IFERROR(IF(E34=0, 0, (E35 - E34) / E34), 0)) -> 2.4410464 | G35: =IF($C$4="", SUMIFS('무신사 메타 광고'!$K:$K, '무신사 메타 광고'!$D:$D, $B35), SUMIFS('무신사 메타 광고'!$K:$K,'무신사 메타 광고'!$I:$I,$C$4,'무신사 메타 광고'!D:D,$B35)) -> 16896 | H35: =IF($C$4="", SUMIFS('무신사 메타 광고'!$N:$N, '무신사 메타 광고'!$D:$D, $B35),SUMIFS('무신사 메타 광고'!$N:$N,'무신사 메타 광고'!$I:$I,$C$4,'무신사 메타 광고'!$D:$D,$B35)) -> 499 | I35: =IF($C$4="", SUMIFS('무신사 메타 광고'!$U:$U, '무신사 메타 광고'!$D:$D, $B35),SUMIFS('무신사 메타 광고'!$U:$U,'무신사 메타 광고'!$I:$I,$C$4,'무신사 메타 광고'!$D:$D,$B35)) -> 19 | J35: =IFERROR( I35/H35,0) -> 0.038076152 | K35: =IFERROR(H35/G35,0) -> 0.029533617 | L35: =IF( IFERROR(IF(K34=0, 0, (K35 - K34) / K34), 0)=0," ",IFERROR(IF(K34=0, 0, (K35 - K34) / K34), 0)) -> -0.068514509 | N35: =IF($C$4="", SUMIFS('무신사 메타 광고'!$X:$X, '무신사 메타 광고'!$D:$D, $B35),SUMIFS('무신사 메타 광고'!$X:$X,'무신사 메타 광고'!I:I,$C$4,'무신사 메타 광고'!D:D,$B35)) -> 11327450 | O35: =IFERROR( N35/(N35+D35),0 ) -> 0.86117383 | S35: =IF($S$4="", SUMIFS('무신사 메타 광고'!$L:$L, '무신사 메타 광고'!$C:$C, $R35),SUMIFS('무신사 메타 광고'!L:L,'무신사 메타 광고'!$I:$I,$S$4,'무신사 메타 광고'!$C:$C,$R35)) -> 0 | T35: =IF($S$4="", SUMIFS('무신사 메타 광고'!$V:$V, '무신사 메타 광고'!$C:$C, $R35),SUMIFS('무신사 메타 광고'!$V:$V,'무신사 메타 광고'!$I:$I,$S$4,'무신사 메타 광고'!$C:$C,$R35)) -> 0 | U35: =IFERROR(T35/S35,0) -> 0 | V35: =IF( IFERROR(IF(U34=0, 0, (U35 - U34) / U34), 0)=0," ",IFERROR(IF(U34=0, 0, (U35 - U34) / U34), 0)) | W35: =IF($S$4="", SUMIFS('무신사 메타 광고'!$K:$K, '무신사 메타 광고'!$C:$C, $R35),SUMIFS('무신사 메타 광고'!$K:$K,'무신사 메타 광고'!$I:$I,$S$4,'무신사 메타 광고'!$C:$C,$R35)) -> 0 | X35: =IF($S$4="", SUMIFS('무신사 메타 광고'!$N:$N, '무신사 메타 광고'!$C:$C, $R35),SUMIFS('무신사 메타 광고'!$N:$N,'무신사 메타 광고'!$I:$I,$S$4,'무신사 메타 광고'!$C:$C,$R35)) -> 0 | Y35: =IFERROR(X35/W35,0) -> 0 | Z35: =IF( IFERROR(IF(Y34=0, 0, (Y35 - Y34) / Y34), 0)=0," ",IFERROR(IF(Y34=0, 0, (Y35 - Y34) / Y34), 0)) | AB35: =IF($S$4="", SUMIFS('무신사 메타 광고'!$X:$X, '무신사 메타 광고'!$C:$C, $R35),SUMIFS('무신사 메타 광고'!$X:$X,'무신사 메타 광고'!$I:$I,$S$4,'무신사 메타 광고'!$C:$C,$R35)) -> 0 | AC35: =IFERROR( AB35/(AB35+T35),0 ) -> 0
A36: =MONTH(B36) -> 4 | B36: =IFERROR(__xludf.DUMMYFUNCTION("""COMPUTED_VALUE"""),46140) -> 46140 | C36: =IF($C$4="", SUMIFS('무신사 메타 광고'!$L:$L, '무신사 메타 광고'!$D:$D, $B36), SUMIFS('무신사 메타 광고'!$L:$L, '무신사 메타 광고'!$I:$I, $C$4, '무신사 메타 광고'!$D:$D, $B36)) -> 64973 | D36: =IF($C$4="", SUMIFS('무신사 메타 광고'!$V:$V, '무신사 메타 광고'!$D:$D, $B36), SUMIFS('무신사 메타 광고'!$V:$V,'무신사 메타 광고'!$I:$I,$C$4,'무신사 메타 광고'!$D:$D,$B36)) -> 2081700 | E36: =IFERROR(D36/C36,0) -> 32.039463 | F36: =IF( IFERROR(IF(E35=0, 0, (E36 - E35) / E35), 0)=0," ",IFERROR(IF(E35=0, 0, (E36 - E35) / E35), 0)) -> 0.0079170482 | G36: =IF($C$4="", SUMIFS('무신사 메타 광고'!$K:$K, '무신사 메타 광고'!$D:$D, $B36), SUMIFS('무신사 메타 광고'!$K:$K,'무신사 메타 광고'!$I:$I,$C$4,'무신사 메타 광고'!D:D,$B36)) -> 18463 | H36: =IF($C$4="", SUMIFS('무신사 메타 광고'!$N:$N, '무신사 메타 광고'!$D:$D, $B36),SUMIFS('무신사 메타 광고'!$N:$N,'무신사 메타 광고'!$I:$I,$C$4,'무신사 메타 광고'!$D:$D,$B36)) -> 541 | I36: =IF($C$4="", SUMIFS('무신사 메타 광고'!$U:$U, '무신사 메타 광고'!$D:$D, $B36),SUMIFS('무신사 메타 광고'!$U:$U,'무신사 메타 광고'!$I:$I,$C$4,'무신사 메타 광고'!$D:$D,$B36)) -> 17 | J36: =IFERROR( I36/H36,0) -> 0.03142329 | K36: =IFERROR(H36/G36,0) -> 0.029301847 | L36: =IF( IFERROR(IF(K35=0, 0, (K36 - K35) / K35), 0)=0," ",IFERROR(IF(K35=0, 0, (K36 - K35) / K35), 0)) -> -0.0078476837 | N36: =IF($C$4="", SUMIFS('무신사 메타 광고'!$X:$X, '무신사 메타 광고'!$D:$D, $B36),SUMIFS('무신사 메타 광고'!$X:$X,'무신사 메타 광고'!I:I,$C$4,'무신사 메타 광고'!D:D,$B36)) -> 6685450 | O36: =IFERROR( N36/(N36+D36),0 ) -> 0.76255682 | S36: =IF($S$4="", SUMIFS('무신사 메타 광고'!$L:$L, '무신사 메타 광고'!$C:$C, $R36),SUMIFS('무신사 메타 광고'!L:L,'무신사 메타 광고'!$I:$I,$S$4,'무신사 메타 광고'!$C:$C,$R36)) -> 0 | T36: =IF($S$4="", SUMIFS('무신사 메타 광고'!$V:$V, '무신사 메타 광고'!$C:$C, $R36),SUMIFS('무신사 메타 광고'!$V:$V,'무신사 메타 광고'!$I:$I,$S$4,'무신사 메타 광고'!$C:$C,$R36)) -> 0 | U36: =IFERROR(T36/S36,0) -> 0 | V36: =IF( IFERROR(IF(U35=0, 0, (U36 - U35) / U35), 0)=0," ",IFERROR(IF(U35=0, 0, (U36 - U35) / U35), 0)) | W36: =IF($S$4="", SUMIFS('무신사 메타 광고'!$K:$K, '무신사 메타 광고'!$C:$C, $R36),SUMIFS('무신사 메타 광고'!$K:$K,'무신사 메타 광고'!$I:$I,$S$4,'무신사 메타 광고'!$C:$C,$R36)) -> 0 | X36: =IF($S$4="", SUMIFS('무신사 메타 광고'!$N:$N, '무신사 메타 광고'!$C:$C, $R36),SUMIFS('무신사 메타 광고'!$N:$N,'무신사 메타 광고'!$I:$I,$S$4,'무신사 메타 광고'!$C:$C,$R36)) -> 0 | Y36: =IFERROR(X36/W36,0) -> 0 | Z36: =IF( IFERROR(IF(Y35=0, 0, (Y36 - Y35) / Y35), 0)=0," ",IFERROR(IF(Y35=0, 0, (Y36 - Y35) / Y35), 0)) | AB36: =IF($S$4="", SUMIFS('무신사 메타 광고'!$X:$X, '무신사 메타 광고'!$C:$C, $R36),SUMIFS('무신사 메타 광고'!$X:$X,'무신사 메타 광고'!$I:$I,$S$4,'무신사 메타 광고'!$C:$C,$R36)) -> 0 | AC36: =IFERROR( AB36/(AB36+T36),0 ) -> 0
A37: =MONTH(B37) -> 4 | B37: =IFERROR(__xludf.DUMMYFUNCTION("""COMPUTED_VALUE"""),46141) -> 46141 | C37: =IF($C$4="", SUMIFS('무신사 메타 광고'!$L:$L, '무신사 메타 광고'!$D:$D, $B37), SUMIFS('무신사 메타 광고'!$L:$L, '무신사 메타 광고'!$I:$I, $C$4, '무신사 메타 광고'!$D:$D, $B37)) -> 57706 | D37: =IF($C$4="", SUMIFS('무신사 메타 광고'!$V:$V, '무신사 메타 광고'!$D:$D, $B37), SUMIFS('무신사 메타 광고'!$V:$V,'무신사 메타 광고'!$I:$I,$C$4,'무신사 메타 광고'!$D:$D,$B37)) -> 1698550 | E37: =IFERROR(D37/C37,0) -> 29.434548 | F37: =IF( IFERROR(IF(E36=0, 0, (E37 - E36) / E36), 0)=0," ",IFERROR(IF(E36=0, 0, (E37 - E36) / E36), 0)) -> -0.08130333 | G37: =IF($C$4="", SUMIFS('무신사 메타 광고'!$K:$K, '무신사 메타 광고'!$D:$D, $B37), SUMIFS('무신사 메타 광고'!$K:$K,'무신사 메타 광고'!$I:$I,$C$4,'무신사 메타 광고'!D:D,$B37)) -> 16844 | H37: =IF($C$4="", SUMIFS('무신사 메타 광고'!$N:$N, '무신사 메타 광고'!$D:$D, $B37),SUMIFS('무신사 메타 광고'!$N:$N,'무신사 메타 광고'!$I:$I,$C$4,'무신사 메타 광고'!$D:$D,$B37)) -> 503 | I37: =IF($C$4="", SUMIFS('무신사 메타 광고'!$U:$U, '무신사 메타 광고'!$D:$D, $B37),SUMIFS('무신사 메타 광고'!$U:$U,'무신사 메타 광고'!$I:$I,$C$4,'무신사 메타 광고'!$D:$D,$B37)) -> 14 | J37: =IFERROR( I37/H37,0) -> 0.027833002 | K37: =IFERROR(H37/G37,0) -> 0.029862265 | L37: =IF( IFERROR(IF(K36=0, 0, (K37 - K36) / K36), 0)=0," ",IFERROR(IF(K36=0, 0, (K37 - K36) / K36), 0)) -> 0.019125708 | N37: =IF($C$4="", SUMIFS('무신사 메타 광고'!$X:$X, '무신사 메타 광고'!$D:$D, $B37),SUMIFS('무신사 메타 광고'!$X:$X,'무신사 메타 광고'!I:I,$C$4,'무신사 메타 광고'!D:D,$B37)) -> 11893350 | O37: =IFERROR( N37/(N37+D37),0 ) -> 0.87503219 | S37: =IF($S$4="", SUMIFS('무신사 메타 광고'!$L:$L, '무신사 메타 광고'!$C:$C, $R37),SUMIFS('무신사 메타 광고'!L:L,'무신사 메타 광고'!$I:$I,$S$4,'무신사 메타 광고'!$C:$C,$R37)) -> 0 | T37: =IF($S$4="", SUMIFS('무신사 메타 광고'!$V:$V, '무신사 메타 광고'!$C:$C, $R37),SUMIFS('무신사 메타 광고'!$V:$V,'무신사 메타 광고'!$I:$I,$S$4,'무신사 메타 광고'!$C:$C,$R37)) -> 0 | U37: =IFERROR(T37/S37,0) -> 0 | V37: =IF( IFERROR(IF(U36=0, 0, (U37 - U36) / U36), 0)=0," ",IFERROR(IF(U36=0, 0, (U37 - U36) / U36), 0)) | W37: =IF($S$4="", SUMIFS('무신사 메타 광고'!$K:$K, '무신사 메타 광고'!$C:$C, $R37),SUMIFS('무신사 메타 광고'!$K:$K,'무신사 메타 광고'!$I:$I,$S$4,'무신사 메타 광고'!$C:$C,$R37)) -> 0 | X37: =IF($S$4="", SUMIFS('무신사 메타 광고'!$N:$N, '무신사 메타 광고'!$C:$C, $R37),SUMIFS('무신사 메타 광고'!$N:$N,'무신사 메타 광고'!$I:$I,$S$4,'무신사 메타 광고'!$C:$C,$R37)) -> 0 | Y37: =IFERROR(X37/W37,0) -> 0 | Z37: =IF( IFERROR(IF(Y36=0, 0, (Y37 - Y36) / Y36), 0)=0," ",IFERROR(IF(Y36=0, 0, (Y37 - Y36) / Y36), 0)) | AB37: =IF($S$4="", SUMIFS('무신사 메타 광고'!$X:$X, '무신사 메타 광고'!$C:$C, $R37),SUMIFS('무신사 메타 광고'!$X:$X,'무신사 메타 광고'!$I:$I,$S$4,'무신사 메타 광고'!$C:$C,$R37)) -> 0 | AC37: =IFERROR( AB37/(AB37+T37),0 ) -> 0
A38: =MONTH(B38) -> 4 | B38: =IFERROR(__xludf.DUMMYFUNCTION("""COMPUTED_VALUE"""),46142) -> 46142 | C38: =IF($C$4="", SUMIFS('무신사 메타 광고'!$L:$L, '무신사 메타 광고'!$D:$D, $B38), SUMIFS('무신사 메타 광고'!$L:$L, '무신사 메타 광고'!$I:$I, $C$4, '무신사 메타 광고'!$D:$D, $B38)) -> 58300 | D38: =IF($C$4="", SUMIFS('무신사 메타 광고'!$V:$V, '무신사 메타 광고'!$D:$D, $B38), SUMIFS('무신사 메타 광고'!$V:$V,'무신사 메타 광고'!$I:$I,$C$4,'무신사 메타 광고'!$D:$D,$B38)) -> 2626650 | E38: =IFERROR(D38/C38,0) -> 45.054031 | F38: =IF( IFERROR(IF(E37=0, 0, (E38 - E37) / E37), 0)=0," ",IFERROR(IF(E37=0, 0, (E38 - E37) / E37), 0)) -> 0.53065138 | G38: =IF($C$4="", SUMIFS('무신사 메타 광고'!$K:$K, '무신사 메타 광고'!$D:$D, $B38), SUMIFS('무신사 메타 광고'!$K:$K,'무신사 메타 광고'!$I:$I,$C$4,'무신사 메타 광고'!D:D,$B38)) -> 18807 | H38: =IF($C$4="", SUMIFS('무신사 메타 광고'!$N:$N, '무신사 메타 광고'!$D:$D, $B38),SUMIFS('무신사 메타 광고'!$N:$N,'무신사 메타 광고'!$I:$I,$C$4,'무신사 메타 광고'!$D:$D,$B38)) -> 481 | I38: =IF($C$4="", SUMIFS('무신사 메타 광고'!$U:$U, '무신사 메타 광고'!$D:$D, $B38),SUMIFS('무신사 메타 광고'!$U:$U,'무신사 메타 광고'!$I:$I,$C$4,'무신사 메타 광고'!$D:$D,$B38)) -> 20 | J38: =IFERROR( I38/H38,0) -> 0.041580042 | K38: =IFERROR(H38/G38,0) -> 0.025575584 | L38: =IF( IFERROR(IF(K37=0, 0, (K38 - K37) / K37), 0)=0," ",IFERROR(IF(K37=0, 0, (K38 - K37) / K37), 0)) -> -0.14354845 | N38: =IF($C$4="", SUMIFS('무신사 메타 광고'!$X:$X, '무신사 메타 광고'!$D:$D, $B38),SUMIFS('무신사 메타 광고'!$X:$X,'무신사 메타 광고'!I:I,$C$4,'무신사 메타 광고'!D:D,$B38)) -> 12812100 | O38: =IFERROR( N38/(N38+D38),0 ) -> 0.82986641 | S38: =IF($S$4="", SUMIFS('무신사 메타 광고'!$L:$L, '무신사 메타 광고'!$C:$C, $R38),SUMIFS('무신사 메타 광고'!L:L,'무신사 메타 광고'!$I:$I,$S$4,'무신사 메타 광고'!$C:$C,$R38)) -> 0 | T38: =IF($S$4="", SUMIFS('무신사 메타 광고'!$V:$V, '무신사 메타 광고'!$C:$C, $R38),SUMIFS('무신사 메타 광고'!$V:$V,'무신사 메타 광고'!$I:$I,$S$4,'무신사 메타 광고'!$C:$C,$R38)) -> 0 | U38: =IFERROR(T38/S38,0) -> 0 | V38: =IF( IFERROR(IF(U37=0, 0, (U38 - U37) / U37), 0)=0," ",IFERROR(IF(U37=0, 0, (U38 - U37) / U37), 0)) | W38: =IF($S$4="", SUMIFS('무신사 메타 광고'!$K:$K, '무신사 메타 광고'!$C:$C, $R38),SUMIFS('무신사 메타 광고'!$K:$K,'무신사 메타 광고'!$I:$I,$S$4,'무신사 메타 광고'!$C:$C,$R38)) -> 0 | X38: =IF($S$4="", SUMIFS('무신사 메타 광고'!$N:$N, '무신사 메타 광고'!$C:$C, $R38),SUMIFS('무신사 메타 광고'!$N:$N,'무신사 메타 광고'!$I:$I,$S$4,'무신사 메타 광고'!$C:$C,$R38)) -> 0 | Y38: =IFERROR(X38/W38,0) -> 0 | Z38: =IF( IFERROR(IF(Y37=0, 0, (Y38 - Y37) / Y37), 0)=0," ",IFERROR(IF(Y37=0, 0, (Y38 - Y37) / Y37), 0)) | AB38: =IF($S$4="", SUMIFS('무신사 메타 광고'!$X:$X, '무신사 메타 광고'!$C:$C, $R38),SUMIFS('무신사 메타 광고'!$X:$X,'무신사 메타 광고'!$I:$I,$S$4,'무신사 메타 광고'!$C:$C,$R38)) -> 0 | AC38: =IFERROR( AB38/(AB38+T38),0 ) -> 0
A39: =MONTH(B39) -> 5 | B39: =IFERROR(__xludf.DUMMYFUNCTION("""COMPUTED_VALUE"""),46143) -> 46143 | C39: =IF($C$4="", SUMIFS('무신사 메타 광고'!$L:$L, '무신사 메타 광고'!$D:$D, $B39), SUMIFS('무신사 메타 광고'!$L:$L, '무신사 메타 광고'!$I:$I, $C$4, '무신사 메타 광고'!$D:$D, $B39)) -> 54814 | D39: =IF($C$4="", SUMIFS('무신사 메타 광고'!$V:$V, '무신사 메타 광고'!$D:$D, $B39), SUMIFS('무신사 메타 광고'!$V:$V,'무신사 메타 광고'!$I:$I,$C$4,'무신사 메타 광고'!$D:$D,$B39)) -> 841500 | E39: =IFERROR(D39/C39,0) -> 15.351917 | F39: =IF( IFERROR(IF(E38=0, 0, (E39 - E38) / E38), 0)=0," ",IFERROR(IF(E38=0, 0, (E39 - E38) / E38), 0)) -> -0.65925541 | G39: =IF($C$4="", SUMIFS('무신사 메타 광고'!$K:$K, '무신사 메타 광고'!$D:$D, $B39), SUMIFS('무신사 메타 광고'!$K:$K,'무신사 메타 광고'!$I:$I,$C$4,'무신사 메타 광고'!D:D,$B39)) -> 17714 | H39: =IF($C$4="", SUMIFS('무신사 메타 광고'!$N:$N, '무신사 메타 광고'!$D:$D, $B39),SUMIFS('무신사 메타 광고'!$N:$N,'무신사 메타 광고'!$I:$I,$C$4,'무신사 메타 광고'!$D:$D,$B39)) -> 391 | I39: =IF($C$4="", SUMIFS('무신사 메타 광고'!$U:$U, '무신사 메타 광고'!$D:$D, $B39),SUMIFS('무신사 메타 광고'!$U:$U,'무신사 메타 광고'!$I:$I,$C$4,'무신사 메타 광고'!$D:$D,$B39)) -> 8 | J39: =IFERROR( I39/H39,0) -> 0.020460358 | K39: =IFERROR(H39/G39,0) -> 0.022072937 | L39: =IF( IFERROR(IF(K38=0, 0, (K39 - K38) / K38), 0)=0," ",IFERROR(IF(K38=0, 0, (K39 - K38) / K38), 0)) -> -0.13695277 | N39: =IF($C$4="", SUMIFS('무신사 메타 광고'!$X:$X, '무신사 메타 광고'!$D:$D, $B39),SUMIFS('무신사 메타 광고'!$X:$X,'무신사 메타 광고'!I:I,$C$4,'무신사 메타 광고'!D:D,$B39)) -> 5637200 | O39: =IFERROR( N39/(N39+D39),0 ) -> 0.87011283 | S39: =IF($S$4="", SUMIFS('무신사 메타 광고'!$L:$L, '무신사 메타 광고'!$C:$C, $R39),SUMIFS('무신사 메타 광고'!L:L,'무신사 메타 광고'!$I:$I,$S$4,'무신사 메타 광고'!$C:$C,$R39)) -> 0 | T39: =IF($S$4="", SUMIFS('무신사 메타 광고'!$V:$V, '무신사 메타 광고'!$C:$C, $R39),SUMIFS('무신사 메타 광고'!$V:$V,'무신사 메타 광고'!$I:$I,$S$4,'무신사 메타 광고'!$C:$C,$R39)) -> 0 | U39: =IFERROR(T39/S39,0) -> 0 | V39: =IF( IFERROR(IF(U38=0, 0, (U39 - U38) / U38), 0)=0," ",IFERROR(IF(U38=0, 0, (U39 - U38) / U38), 0)) | W39: =IF($S$4="", SUMIFS('무신사 메타 광고'!$K:$K, '무신사 메타 광고'!$C:$C, $R39),SUMIFS('무신사 메타 광고'!$K:$K,'무신사 메타 광고'!$I:$I,$S$4,'무신사 메타 광고'!$C:$C,$R39)) -> 0 | X39: =IF($S$4="", SUMIFS('무신사 메타 광고'!$N:$N, '무신사 메타 광고'!$C:$C, $R39),SUMIFS('무신사 메타 광고'!$N:$N,'무신사 메타 광고'!$I:$I,$S$4,'무신사 메타 광고'!$C:$C,$R39)) -> 0 | Y39: =IFERROR(X39/W39,0) -> 0 | Z39: =IF( IFERROR(IF(Y38=0, 0, (Y39 - Y38) / Y38), 0)=0," ",IFERROR(IF(Y38=0, 0, (Y39 - Y38) / Y38), 0)) | AB39: =IF($S$4="", SUMIFS('무신사 메타 광고'!$X:$X, '무신사 메타 광고'!$C:$C, $R39),SUMIFS('무신사 메타 광고'!$X:$X,'무신사 메타 광고'!$I:$I,$S$4,'무신사 메타 광고'!$C:$C,$R39)) -> 0 | AC39: =IFERROR( AB39/(AB39+T39),0 ) -> 0
A40: =MONTH(B40) -> 5 | B40: =IFERROR(__xludf.DUMMYFUNCTION("""COMPUTED_VALUE"""),46144) -> 46144 | C40: =IF($C$4="", SUMIFS('무신사 메타 광고'!$L:$L, '무신사 메타 광고'!$D:$D, $B40), SUMIFS('무신사 메타 광고'!$L:$L, '무신사 메타 광고'!$I:$I, $C$4, '무신사 메타 광고'!$D:$D, $B40)) -> 64913 | D40: =IF($C$4="", SUMIFS('무신사 메타 광고'!$V:$V, '무신사 메타 광고'!$D:$D, $B40), SUMIFS('무신사 메타 광고'!$V:$V,'무신사 메타 광고'!$I:$I,$C$4,'무신사 메타 광고'!$D:$D,$B40)) -> 601200 | E40: =IFERROR(D40/C40,0) -> 9.2616271 | F40: =IF( IFERROR(IF(E39=0, 0, (E40 - E39) / E39), 0)=0," ",IFERROR(IF(E39=0, 0, (E40 - E39) / E39), 0)) -> -0.39671203 | G40: =IF($C$4="", SUMIFS('무신사 메타 광고'!$K:$K, '무신사 메타 광고'!$D:$D, $B40), SUMIFS('무신사 메타 광고'!$K:$K,'무신사 메타 광고'!$I:$I,$C$4,'무신사 메타 광고'!D:D,$B40)) -> 25423 | H40: =IF($C$4="", SUMIFS('무신사 메타 광고'!$N:$N, '무신사 메타 광고'!$D:$D, $B40),SUMIFS('무신사 메타 광고'!$N:$N,'무신사 메타 광고'!$I:$I,$C$4,'무신사 메타 광고'!$D:$D,$B40)) -> 378 | I40: =IF($C$4="", SUMIFS('무신사 메타 광고'!$U:$U, '무신사 메타 광고'!$D:$D, $B40),SUMIFS('무신사 메타 광고'!$U:$U,'무신사 메타 광고'!$I:$I,$C$4,'무신사 메타 광고'!$D:$D,$B40)) -> 5 | J40: =IFERROR( I40/H40,0) -> 0.013227513 | K40: =IFERROR(H40/G40,0) -> 0.014868426 | L40: =IF( IFERROR(IF(K39=0, 0, (K40 - K39) / K39), 0)=0," ",IFERROR(IF(K39=0, 0, (K40 - K39) / K39), 0)) -> -0.32639565 | N40: =IF($C$4="", SUMIFS('무신사 메타 광고'!$X:$X, '무신사 메타 광고'!$D:$D, $B40),SUMIFS('무신사 메타 광고'!$X:$X,'무신사 메타 광고'!I:I,$C$4,'무신사 메타 광고'!D:D,$B40)) -> 5567200 | O40: =IFERROR( N40/(N40+D40),0 ) -> 0.9025355 | S40: =IF($S$4="", SUMIFS('무신사 메타 광고'!$L:$L, '무신사 메타 광고'!$C:$C, $R40),SUMIFS('무신사 메타 광고'!L:L,'무신사 메타 광고'!$I:$I,$S$4,'무신사 메타 광고'!$C:$C,$R40)) -> 0 | T40: =IF($S$4="", SUMIFS('무신사 메타 광고'!$V:$V, '무신사 메타 광고'!$C:$C, $R40),SUMIFS('무신사 메타 광고'!$V:$V,'무신사 메타 광고'!$I:$I,$S$4,'무신사 메타 광고'!$C:$C,$R40)) -> 0 | U40: =IFERROR(T40/S40,0) -> 0 | V40: =IF( IFERROR(IF(U39=0, 0, (U40 - U39) / U39), 0)=0," ",IFERROR(IF(U39=0, 0, (U40 - U39) / U39), 0)) | W40: =IF($S$4="", SUMIFS('무신사 메타 광고'!$K:$K, '무신사 메타 광고'!$C:$C, $R40),SUMIFS('무신사 메타 광고'!$K:$K,'무신사 메타 광고'!$I:$I,$S$4,'무신사 메타 광고'!$C:$C,$R40)) -> 0 | X40: =IF($S$4="", SUMIFS('무신사 메타 광고'!$N:$N, '무신사 메타 광고'!$C:$C, $R40),SUMIFS('무신사 메타 광고'!$N:$N,'무신사 메타 광고'!$I:$I,$S$4,'무신사 메타 광고'!$C:$C,$R40)) -> 0 | Y40: =IFERROR(X40/W40,0) -> 0 | Z40: =IF( IFERROR(IF(Y39=0, 0, (Y40 - Y39) / Y39), 0)=0," ",IFERROR(IF(Y39=0, 0, (Y40 - Y39) / Y39), 0)) | AB40: =IF($S$4="", SUMIFS('무신사 메타 광고'!$X:$X, '무신사 메타 광고'!$C:$C, $R40),SUMIFS('무신사 메타 광고'!$X:$X,'무신사 메타 광고'!$I:$I,$S$4,'무신사 메타 광고'!$C:$C,$R40)) -> 0 | AC40: =IFERROR( AB40/(AB40+T40),0 ) -> 0
A41: =MONTH(B41) -> 5 | B41: =IFERROR(__xludf.DUMMYFUNCTION("""COMPUTED_VALUE"""),46145) -> 46145 | C41: =IF($C$4="", SUMIFS('무신사 메타 광고'!$L:$L, '무신사 메타 광고'!$D:$D, $B41), SUMIFS('무신사 메타 광고'!$L:$L, '무신사 메타 광고'!$I:$I, $C$4, '무신사 메타 광고'!$D:$D, $B41)) -> 58810 | D41: =IF($C$4="", SUMIFS('무신사 메타 광고'!$V:$V, '무신사 메타 광고'!$D:$D, $B41), SUMIFS('무신사 메타 광고'!$V:$V,'무신사 메타 광고'!$I:$I,$C$4,'무신사 메타 광고'!$D:$D,$B41)) -> 390600 | E41: =IFERROR(D41/C41,0) -> 6.6417276 | F41: =IF( IFERROR(IF(E40=0, 0, (E41 - E40) / E40), 0)=0," ",IFERROR(IF(E40=0, 0, (E41 - E40) / E40), 0)) -> -0.28287681 | G41: =IF($C$4="", SUMIFS('무신사 메타 광고'!$K:$K, '무신사 메타 광고'!$D:$D, $B41), SUMIFS('무신사 메타 광고'!$K:$K,'무신사 메타 광고'!$I:$I,$C$4,'무신사 메타 광고'!D:D,$B41)) -> 20060 | H41: =IF($C$4="", SUMIFS('무신사 메타 광고'!$N:$N, '무신사 메타 광고'!$D:$D, $B41),SUMIFS('무신사 메타 광고'!$N:$N,'무신사 메타 광고'!$I:$I,$C$4,'무신사 메타 광고'!$D:$D,$B41)) -> 347 | I41: =IF($C$4="", SUMIFS('무신사 메타 광고'!$U:$U, '무신사 메타 광고'!$D:$D, $B41),SUMIFS('무신사 메타 광고'!$U:$U,'무신사 메타 광고'!$I:$I,$C$4,'무신사 메타 광고'!$D:$D,$B41)) -> 3 | J41: =IFERROR( I41/H41,0) -> 0.0086455331 | K41: =IFERROR(H41/G41,0) -> 0.017298106 | L41: =IF( IFERROR(IF(K40=0, 0, (K41 - K40) / K40), 0)=0," ",IFERROR(IF(K40=0, 0, (K41 - K40) / K40), 0)) -> 0.16341201 | N41: =IF($C$4="", SUMIFS('무신사 메타 광고'!$X:$X, '무신사 메타 광고'!$D:$D, $B41),SUMIFS('무신사 메타 광고'!$X:$X,'무신사 메타 광고'!I:I,$C$4,'무신사 메타 광고'!D:D,$B41)) -> 3951650 | O41: =IFERROR( N41/(N41+D41),0 ) -> 0.91004663 | S41: =IF($S$4="", SUMIFS('무신사 메타 광고'!$L:$L, '무신사 메타 광고'!$C:$C, $R41),SUMIFS('무신사 메타 광고'!L:L,'무신사 메타 광고'!$I:$I,$S$4,'무신사 메타 광고'!$C:$C,$R41)) -> 0 | T41: =IF($S$4="", SUMIFS('무신사 메타 광고'!$V:$V, '무신사 메타 광고'!$C:$C, $R41),SUMIFS('무신사 메타 광고'!$V:$V,'무신사 메타 광고'!$I:$I,$S$4,'무신사 메타 광고'!$C:$C,$R41)) -> 0 | U41: =IFERROR(T41/S41,0) -> 0 | V41: =IF( IFERROR(IF(U40=0, 0, (U41 - U40) / U40), 0)=0," ",IFERROR(IF(U40=0, 0, (U41 - U40) / U40), 0)) | W41: =IF($S$4="", SUMIFS('무신사 메타 광고'!$K:$K, '무신사 메타 광고'!$C:$C, $R41),SUMIFS('무신사 메타 광고'!$K:$K,'무신사 메타 광고'!$I:$I,$S$4,'무신사 메타 광고'!$C:$C,$R41)) -> 0 | X41: =IF($S$4="", SUMIFS('무신사 메타 광고'!$N:$N, '무신사 메타 광고'!$C:$C, $R41),SUMIFS('무신사 메타 광고'!$N:$N,'무신사 메타 광고'!$I:$I,$S$4,'무신사 메타 광고'!$C:$C,$R41)) -> 0 | Y41: =IFERROR(X41/W41,0) -> 0 | Z41: =IF( IFERROR(IF(Y40=0, 0, (Y41 - Y40) / Y40), 0)=0," ",IFERROR(IF(Y40=0, 0, (Y41 - Y40) / Y40), 0)) | AB41: =IF($S$4="", SUMIFS('무신사 메타 광고'!$X:$X, '무신사 메타 광고'!$C:$C, $R41),SUMIFS('무신사 메타 광고'!$X:$X,'무신사 메타 광고'!$I:$I,$S$4,'무신사 메타 광고'!$C:$C,$R41)) -> 0 | AC41: =IFERROR( AB41/(AB41+T41),0 ) -> 0
A42: =MONTH(B42) -> 5 | B42: =IFERROR(__xludf.DUMMYFUNCTION("""COMPUTED_VALUE"""),46146) -> 46146 | C42: =IF($C$4="", SUMIFS('무신사 메타 광고'!$L:$L, '무신사 메타 광고'!$D:$D, $B42), SUMIFS('무신사 메타 광고'!$L:$L, '무신사 메타 광고'!$I:$I, $C$4, '무신사 메타 광고'!$D:$D, $B42)) -> 77381 | D42: =IF($C$4="", SUMIFS('무신사 메타 광고'!$V:$V, '무신사 메타 광고'!$D:$D, $B42), SUMIFS('무신사 메타 광고'!$V:$V,'무신사 메타 광고'!$I:$I,$C$4,'무신사 메타 광고'!$D:$D,$B42)) -> 1037700 | E42: =IFERROR(D42/C42,0) -> 13.410269 | F42: =IF( IFERROR(IF(E41=0, 0, (E42 - E41) / E41), 0)=0," ",IFERROR(IF(E41=0, 0, (E42 - E41) / E41), 0)) -> 1.0190934 | G42: =IF($C$4="", SUMIFS('무신사 메타 광고'!$K:$K, '무신사 메타 광고'!$D:$D, $B42), SUMIFS('무신사 메타 광고'!$K:$K,'무신사 메타 광고'!$I:$I,$C$4,'무신사 메타 광고'!D:D,$B42)) -> 23684 | H42: =IF($C$4="", SUMIFS('무신사 메타 광고'!$N:$N, '무신사 메타 광고'!$D:$D, $B42),SUMIFS('무신사 메타 광고'!$N:$N,'무신사 메타 광고'!$I:$I,$C$4,'무신사 메타 광고'!$D:$D,$B42)) -> 588 | I42: =IF($C$4="", SUMIFS('무신사 메타 광고'!$U:$U, '무신사 메타 광고'!$D:$D, $B42),SUMIFS('무신사 메타 광고'!$U:$U,'무신사 메타 광고'!$I:$I,$C$4,'무신사 메타 광고'!$D:$D,$B42)) -> 10 | J42: =IFERROR( I42/H42,0) -> 0.017006803 | K42: =IFERROR(H42/G42,0) -> 0.024826887 | L42: =IF( IFERROR(IF(K41=0, 0, (K42 - K41) / K41), 0)=0," ",IFERROR(IF(K41=0, 0, (K42 - K41) / K41), 0)) -> 0.43523735 | N42: =IF($C$4="", SUMIFS('무신사 메타 광고'!$X:$X, '무신사 메타 광고'!$D:$D, $B42),SUMIFS('무신사 메타 광고'!$X:$X,'무신사 메타 광고'!I:I,$C$4,'무신사 메타 광고'!D:D,$B42)) -> 10526700 | O42: =IFERROR( N42/(N42+D42),0 ) -> 0.91026772 | S42: =IF($S$4="", SUMIFS('무신사 메타 광고'!$L:$L, '무신사 메타 광고'!$C:$C, $R42),SUMIFS('무신사 메타 광고'!L:L,'무신사 메타 광고'!$I:$I,$S$4,'무신사 메타 광고'!$C:$C,$R42)) -> 0 | T42: =IF($S$4="", SUMIFS('무신사 메타 광고'!$V:$V, '무신사 메타 광고'!$C:$C, $R42),SUMIFS('무신사 메타 광고'!$V:$V,'무신사 메타 광고'!$I:$I,$S$4,'무신사 메타 광고'!$C:$C,$R42)) -> 0 | U42: =IFERROR(T42/S42,0) -> 0 | V42: =IF( IFERROR(IF(U41=0, 0, (U42 - U41) / U41), 0)=0," ",IFERROR(IF(U41=0, 0, (U42 - U41) / U41), 0)) | W42: =IF($S$4="", SUMIFS('무신사 메타 광고'!$K:$K, '무신사 메타 광고'!$C:$C, $R42),SUMIFS('무신사 메타 광고'!$K:$K,'무신사 메타 광고'!$I:$I,$S$4,'무신사 메타 광고'!$C:$C,$R42)) -> 0 | X42: =IF($S$4="", SUMIFS('무신사 메타 광고'!$N:$N, '무신사 메타 광고'!$C:$C, $R42),SUMIFS('무신사 메타 광고'!$N:$N,'무신사 메타 광고'!$I:$I,$S$4,'무신사 메타 광고'!$C:$C,$R42)) -> 0 | Y42: =IFERROR(X42/W42,0) -> 0 | Z42: =IF( IFERROR(IF(Y41=0, 0, (Y42 - Y41) / Y41), 0)=0," ",IFERROR(IF(Y41=0, 0, (Y42 - Y41) / Y41), 0)) | AB42: =IF($S$4="", SUMIFS('무신사 메타 광고'!$X:$X, '무신사 메타 광고'!$C:$C, $R42),SUMIFS('무신사 메타 광고'!$X:$X,'무신사 메타 광고'!$I:$I,$S$4,'무신사 메타 광고'!$C:$C,$R42)) -> 0 | AC42: =IFERROR( AB42/(AB42+T42),0 ) -> 0
A43: =MONTH(B43) -> 5 | B43: =IFERROR(__xludf.DUMMYFUNCTION("""COMPUTED_VALUE"""),46147) -> 46147 | C43: =IF($C$4="", SUMIFS('무신사 메타 광고'!$L:$L, '무신사 메타 광고'!$D:$D, $B43), SUMIFS('무신사 메타 광고'!$L:$L, '무신사 메타 광고'!$I:$I, $C$4, '무신사 메타 광고'!$D:$D, $B43)) -> 70406 | D43: =IF($C$4="", SUMIFS('무신사 메타 광고'!$V:$V, '무신사 메타 광고'!$D:$D, $B43), SUMIFS('무신사 메타 광고'!$V:$V,'무신사 메타 광고'!$I:$I,$C$4,'무신사 메타 광고'!$D:$D,$B43)) -> 1359400 | E43: =IFERROR(D43/C43,0) -> 19.308014 | F43: =IF( IFERROR(IF(E42=0, 0, (E43 - E42) / E42), 0)=0," ",IFERROR(IF(E42=0, 0, (E43 - E42) / E42), 0)) -> 0.43979319 | G43: =IF($C$4="", SUMIFS('무신사 메타 광고'!$K:$K, '무신사 메타 광고'!$D:$D, $B43), SUMIFS('무신사 메타 광고'!$K:$K,'무신사 메타 광고'!$I:$I,$C$4,'무신사 메타 광고'!D:D,$B43)) -> 22624 | H43: =IF($C$4="", SUMIFS('무신사 메타 광고'!$N:$N, '무신사 메타 광고'!$D:$D, $B43),SUMIFS('무신사 메타 광고'!$N:$N,'무신사 메타 광고'!$I:$I,$C$4,'무신사 메타 광고'!$D:$D,$B43)) -> 728 | I43: =IF($C$4="", SUMIFS('무신사 메타 광고'!$U:$U, '무신사 메타 광고'!$D:$D, $B43),SUMIFS('무신사 메타 광고'!$U:$U,'무신사 메타 광고'!$I:$I,$C$4,'무신사 메타 광고'!$D:$D,$B43)) -> 11 | J43: =IFERROR( I43/H43,0) -> 0.01510989 | K43: =IFERROR(H43/G43,0) -> 0.032178218 | L43: =IF( IFERROR(IF(K42=0, 0, (K43 - K42) / K42), 0)=0," ",IFERROR(IF(K42=0, 0, (K43 - K42) / K42), 0)) -> 0.29610359 | N43: =IF($C$4="", SUMIFS('무신사 메타 광고'!$X:$X, '무신사 메타 광고'!$D:$D, $B43),SUMIFS('무신사 메타 광고'!$X:$X,'무신사 메타 광고'!I:I,$C$4,'무신사 메타 광고'!D:D,$B43)) -> 21280000 | O43: =IFERROR( N43/(N43+D43),0 ) -> 0.93995424 | S43: =IF($S$4="", SUMIFS('무신사 메타 광고'!$L:$L, '무신사 메타 광고'!$C:$C, $R43),SUMIFS('무신사 메타 광고'!L:L,'무신사 메타 광고'!$I:$I,$S$4,'무신사 메타 광고'!$C:$C,$R43)) -> 0 | T43: =IF($S$4="", SUMIFS('무신사 메타 광고'!$V:$V, '무신사 메타 광고'!$C:$C, $R43),SUMIFS('무신사 메타 광고'!$V:$V,'무신사 메타 광고'!$I:$I,$S$4,'무신사 메타 광고'!$C:$C,$R43)) -> 0 | U43: =IFERROR(T43/S43,0) -> 0 | V43: =IF( IFERROR(IF(U42=0, 0, (U43 - U42) / U42), 0)=0," ",IFERROR(IF(U42=0, 0, (U43 - U42) / U42), 0)) | W43: =IF($S$4="", SUMIFS('무신사 메타 광고'!$K:$K, '무신사 메타 광고'!$C:$C, $R43),SUMIFS('무신사 메타 광고'!$K:$K,'무신사 메타 광고'!$I:$I,$S$4,'무신사 메타 광고'!$C:$C,$R43)) -> 0 | X43: =IF($S$4="", SUMIFS('무신사 메타 광고'!$N:$N, '무신사 메타 광고'!$C:$C, $R43),SUMIFS('무신사 메타 광고'!$N:$N,'무신사 메타 광고'!$I:$I,$S$4,'무신사 메타 광고'!$C:$C,$R43)) -> 0 | Y43: =IFERROR(X43/W43,0) -> 0 | Z43: =IF( IFERROR(IF(Y42=0, 0, (Y43 - Y42) / Y42), 0)=0," ",IFERROR(IF(Y42=0, 0, (Y43 - Y42) / Y42), 0)) | AB43: =IF($S$4="", SUMIFS('무신사 메타 광고'!$X:$X, '무신사 메타 광고'!$C:$C, $R43),SUMIFS('무신사 메타 광고'!$X:$X,'무신사 메타 광고'!$I:$I,$S$4,'무신사 메타 광고'!$C:$C,$R43)) -> 0 | AC43: =IFERROR( AB43/(AB43+T43),0 ) -> 0
A44: =MONTH(B44) -> 5 | B44: =IFERROR(__xludf.DUMMYFUNCTION("""COMPUTED_VALUE"""),46148) -> 46148 | C44: =IF($C$4="", SUMIFS('무신사 메타 광고'!$L:$L, '무신사 메타 광고'!$D:$D, $B44), SUMIFS('무신사 메타 광고'!$L:$L, '무신사 메타 광고'!$I:$I, $C$4, '무신사 메타 광고'!$D:$D, $B44)) -> 52645 | D44: =IF($C$4="", SUMIFS('무신사 메타 광고'!$V:$V, '무신사 메타 광고'!$D:$D, $B44), SUMIFS('무신사 메타 광고'!$V:$V,'무신사 메타 광고'!$I:$I,$C$4,'무신사 메타 광고'!$D:$D,$B44)) -> 945300 | E44: =IFERROR(D44/C44,0) -> 17.956121 | F44: =IF( IFERROR(IF(E43=0, 0, (E44 - E43) / E43), 0)=0," ",IFERROR(IF(E43=0, 0, (E44 - E43) / E43), 0)) -> -0.070017163 | G44: =IF($C$4="", SUMIFS('무신사 메타 광고'!$K:$K, '무신사 메타 광고'!$D:$D, $B44), SUMIFS('무신사 메타 광고'!$K:$K,'무신사 메타 광고'!$I:$I,$C$4,'무신사 메타 광고'!D:D,$B44)) -> 16733 | H44: =IF($C$4="", SUMIFS('무신사 메타 광고'!$N:$N, '무신사 메타 광고'!$D:$D, $B44),SUMIFS('무신사 메타 광고'!$N:$N,'무신사 메타 광고'!$I:$I,$C$4,'무신사 메타 광고'!$D:$D,$B44)) -> 460 | I44: =IF($C$4="", SUMIFS('무신사 메타 광고'!$U:$U, '무신사 메타 광고'!$D:$D, $B44),SUMIFS('무신사 메타 광고'!$U:$U,'무신사 메타 광고'!$I:$I,$C$4,'무신사 메타 광고'!$D:$D,$B44)) -> 9 | J44: =IFERROR( I44/H44,0) -> 0.019565217 | K44: =IFERROR(H44/G44,0) -> 0.027490587 | L44: =IF( IFERROR(IF(K43=0, 0, (K44 - K43) / K43), 0)=0," ",IFERROR(IF(K43=0, 0, (K44 - K43) / K43), 0)) -> -0.14567713 | N44: =IF($C$4="", SUMIFS('무신사 메타 광고'!$X:$X, '무신사 메타 광고'!$D:$D, $B44),SUMIFS('무신사 메타 광고'!$X:$X,'무신사 메타 광고'!I:I,$C$4,'무신사 메타 광고'!D:D,$B44)) -> 13867800 | O44: =IFERROR( N44/(N44+D44),0 ) -> 0.93618486 | S44: =IF($S$4="", SUMIFS('무신사 메타 광고'!$L:$L, '무신사 메타 광고'!$C:$C, $R44),SUMIFS('무신사 메타 광고'!L:L,'무신사 메타 광고'!$I:$I,$S$4,'무신사 메타 광고'!$C:$C,$R44)) -> 0 | T44: =IF($S$4="", SUMIFS('무신사 메타 광고'!$V:$V, '무신사 메타 광고'!$C:$C, $R44),SUMIFS('무신사 메타 광고'!$V:$V,'무신사 메타 광고'!$I:$I,$S$4,'무신사 메타 광고'!$C:$C,$R44)) -> 0 | U44: =IFERROR(T44/S44,0) -> 0 | V44: =IF( IFERROR(IF(U43=0, 0, (U44 - U43) / U43), 0)=0," ",IFERROR(IF(U43=0, 0, (U44 - U43) / U43), 0)) | W44: =IF($S$4="", SUMIFS('무신사 메타 광고'!$K:$K, '무신사 메타 광고'!$C:$C, $R44),SUMIFS('무신사 메타 광고'!$K:$K,'무신사 메타 광고'!$I:$I,$S$4,'무신사 메타 광고'!$C:$C,$R44)) -> 0 | X44: =IF($S$4="", SUMIFS('무신사 메타 광고'!$N:$N, '무신사 메타 광고'!$C:$C, $R44),SUMIFS('무신사 메타 광고'!$N:$N,'무신사 메타 광고'!$I:$I,$S$4,'무신사 메타 광고'!$C:$C,$R44)) -> 0 | Y44: =IFERROR(X44/W44,0) -> 0 | Z44: =IF( IFERROR(IF(Y43=0, 0, (Y44 - Y43) / Y43), 0)=0," ",IFERROR(IF(Y43=0, 0, (Y44 - Y43) / Y43), 0)) | AB44: =IF($S$4="", SUMIFS('무신사 메타 광고'!$X:$X, '무신사 메타 광고'!$C:$C, $R44),SUMIFS('무신사 메타 광고'!$X:$X,'무신사 메타 광고'!$I:$I,$S$4,'무신사 메타 광고'!$C:$C,$R44)) -> 0 | AC44: =IFERROR( AB44/(AB44+T44),0 ) -> 0
A45: =MONTH(B45) -> 5 | B45: =IFERROR(__xludf.DUMMYFUNCTION("""COMPUTED_VALUE"""),46149) -> 46149 | C45: =IF($C$4="", SUMIFS('무신사 메타 광고'!$L:$L, '무신사 메타 광고'!$D:$D, $B45), SUMIFS('무신사 메타 광고'!$L:$L, '무신사 메타 광고'!$I:$I, $C$4, '무신사 메타 광고'!$D:$D, $B45)) -> 53173 | D45: =IF($C$4="", SUMIFS('무신사 메타 광고'!$V:$V, '무신사 메타 광고'!$D:$D, $B45), SUMIFS('무신사 메타 광고'!$V:$V,'무신사 메타 광고'!$I:$I,$C$4,'무신사 메타 광고'!$D:$D,$B45)) -> 685900 | E45: =IFERROR(D45/C45,0) -> 12.899404 | F45: =IF( IFERROR(IF(E44=0, 0, (E45 - E44) / E44), 0)=0," ",IFERROR(IF(E44=0, 0, (E45 - E44) / E44), 0)) -> -0.28161524 | G45: =IF($C$4="", SUMIFS('무신사 메타 광고'!$K:$K, '무신사 메타 광고'!$D:$D, $B45), SUMIFS('무신사 메타 광고'!$K:$K,'무신사 메타 광고'!$I:$I,$C$4,'무신사 메타 광고'!D:D,$B45)) -> 16553 | H45: =IF($C$4="", SUMIFS('무신사 메타 광고'!$N:$N, '무신사 메타 광고'!$D:$D, $B45),SUMIFS('무신사 메타 광고'!$N:$N,'무신사 메타 광고'!$I:$I,$C$4,'무신사 메타 광고'!$D:$D,$B45)) -> 459 | I45: =IF($C$4="", SUMIFS('무신사 메타 광고'!$U:$U, '무신사 메타 광고'!$D:$D, $B45),SUMIFS('무신사 메타 광고'!$U:$U,'무신사 메타 광고'!$I:$I,$C$4,'무신사 메타 광고'!$D:$D,$B45)) -> 6 | J45: =IFERROR( I45/H45,0) -> 0.013071895 | K45: =IFERROR(H45/G45,0) -> 0.027729113 | L45: =IF( IFERROR(IF(K44=0, 0, (K45 - K44) / K44), 0)=0," ",IFERROR(IF(K44=0, 0, (K45 - K44) / K44), 0)) -> 0.0086766093 | N45: =IF($C$4="", SUMIFS('무신사 메타 광고'!$X:$X, '무신사 메타 광고'!$D:$D, $B45),SUMIFS('무신사 메타 광고'!$X:$X,'무신사 메타 광고'!I:I,$C$4,'무신사 메타 광고'!D:D,$B45)) -> 6164300 | O45: =IFERROR( N45/(N45+D45),0 ) -> 0.89987154 | S45: =IF($S$4="", SUMIFS('무신사 메타 광고'!$L:$L, '무신사 메타 광고'!$C:$C, $R45),SUMIFS('무신사 메타 광고'!L:L,'무신사 메타 광고'!$I:$I,$S$4,'무신사 메타 광고'!$C:$C,$R45)) -> 0 | T45: =IF($S$4="", SUMIFS('무신사 메타 광고'!$V:$V, '무신사 메타 광고'!$C:$C, $R45),SUMIFS('무신사 메타 광고'!$V:$V,'무신사 메타 광고'!$I:$I,$S$4,'무신사 메타 광고'!$C:$C,$R45)) -> 0 | U45: =IFERROR(T45/S45,0) -> 0 | V45: =IF( IFERROR(IF(U44=0, 0, (U45 - U44) / U44), 0)=0," ",IFERROR(IF(U44=0, 0, (U45 - U44) / U44), 0)) | W45: =IF($S$4="", SUMIFS('무신사 메타 광고'!$K:$K, '무신사 메타 광고'!$C:$C, $R45),SUMIFS('무신사 메타 광고'!$K:$K,'무신사 메타 광고'!$I:$I,$S$4,'무신사 메타 광고'!$C:$C,$R45)) -> 0 | X45: =IF($S$4="", SUMIFS('무신사 메타 광고'!$N:$N, '무신사 메타 광고'!$C:$C, $R45),SUMIFS('무신사 메타 광고'!$N:$N,'무신사 메타 광고'!$I:$I,$S$4,'무신사 메타 광고'!$C:$C,$R45)) -> 0 | Y45: =IFERROR(X45/W45,0) -> 0 | Z45: =IF( IFERROR(IF(Y44=0, 0, (Y45 - Y44) / Y44), 0)=0," ",IFERROR(IF(Y44=0, 0, (Y45 - Y44) / Y44), 0)) | AB45: =IF($S$4="", SUMIFS('무신사 메타 광고'!$X:$X, '무신사 메타 광고'!$C:$C, $R45),SUMIFS('무신사 메타 광고'!$X:$X,'무신사 메타 광고'!$I:$I,$S$4,'무신사 메타 광고'!$C:$C,$R45)) -> 0 | AC45: =IFERROR( AB45/(AB45+T45),0 ) -> 0
A46: =MONTH(B46) -> 5 | B46: =IFERROR(__xludf.DUMMYFUNCTION("""COMPUTED_VALUE"""),46150) -> 46150 | C46: =IF($C$4="", SUMIFS('무신사 메타 광고'!$L:$L, '무신사 메타 광고'!$D:$D, $B46), SUMIFS('무신사 메타 광고'!$L:$L, '무신사 메타 광고'!$I:$I, $C$4, '무신사 메타 광고'!$D:$D, $B46)) -> 52216 | D46: =IF($C$4="", SUMIFS('무신사 메타 광고'!$V:$V, '무신사 메타 광고'!$D:$D, $B46), SUMIFS('무신사 메타 광고'!$V:$V,'무신사 메타 광고'!$I:$I,$C$4,'무신사 메타 광고'!$D:$D,$B46)) -> 395200 | E46: =IFERROR(D46/C46,0) -> 7.5685614 | F46: =IF( IFERROR(IF(E45=0, 0, (E46 - E45) / E45), 0)=0," ",IFERROR(IF(E45=0, 0, (E46 - E45) / E45), 0)) -> -0.4132627 | G46: =IF($C$4="", SUMIFS('무신사 메타 광고'!$K:$K, '무신사 메타 광고'!$D:$D, $B46), SUMIFS('무신사 메타 광고'!$K:$K,'무신사 메타 광고'!$I:$I,$C$4,'무신사 메타 광고'!D:D,$B46)) -> 16705 | H46: =IF($C$4="", SUMIFS('무신사 메타 광고'!$N:$N, '무신사 메타 광고'!$D:$D, $B46),SUMIFS('무신사 메타 광고'!$N:$N,'무신사 메타 광고'!$I:$I,$C$4,'무신사 메타 광고'!$D:$D,$B46)) -> 461 | I46: =IF($C$4="", SUMIFS('무신사 메타 광고'!$U:$U, '무신사 메타 광고'!$D:$D, $B46),SUMIFS('무신사 메타 광고'!$U:$U,'무신사 메타 광고'!$I:$I,$C$4,'무신사 메타 광고'!$D:$D,$B46)) -> 5 | J46: =IFERROR( I46/H46,0) -> 0.010845987 | K46: =IFERROR(H46/G46,0) -> 0.027596528 | L46: =IF( IFERROR(IF(K45=0, 0, (K46 - K45) / K45), 0)=0," ",IFERROR(IF(K45=0, 0, (K46 - K45) / K45), 0)) -> -0.004781421 | N46: =IF($C$4="", SUMIFS('무신사 메타 광고'!$X:$X, '무신사 메타 광고'!$D:$D, $B46),SUMIFS('무신사 메타 광고'!$X:$X,'무신사 메타 광고'!I:I,$C$4,'무신사 메타 광고'!D:D,$B46)) -> 9001650 | O46: =IFERROR( N46/(N46+D46),0 ) -> 0.95794335 | S46: =IF($S$4="", SUMIFS('무신사 메타 광고'!$L:$L, '무신사 메타 광고'!$C:$C, $R46),SUMIFS('무신사 메타 광고'!L:L,'무신사 메타 광고'!$I:$I,$S$4,'무신사 메타 광고'!$C:$C,$R46)) -> 0 | T46: =IF($S$4="", SUMIFS('무신사 메타 광고'!$V:$V, '무신사 메타 광고'!$C:$C, $R46),SUMIFS('무신사 메타 광고'!$V:$V,'무신사 메타 광고'!$I:$I,$S$4,'무신사 메타 광고'!$C:$C,$R46)) -> 0 | U46: =IFERROR(T46/S46,0) -> 0 | V46: =IF( IFERROR(IF(U45=0, 0, (U46 - U45) / U45), 0)=0," ",IFERROR(IF(U45=0, 0, (U46 - U45) / U45), 0)) | W46: =IF($S$4="", SUMIFS('무신사 메타 광고'!$K:$K, '무신사 메타 광고'!$C:$C, $R46),SUMIFS('무신사 메타 광고'!$K:$K,'무신사 메타 광고'!$I:$I,$S$4,'무신사 메타 광고'!$C:$C,$R46)) -> 0 | X46: =IF($S$4="", SUMIFS('무신사 메타 광고'!$N:$N, '무신사 메타 광고'!$C:$C, $R46),SUMIFS('무신사 메타 광고'!$N:$N,'무신사 메타 광고'!$I:$I,$S$4,'무신사 메타 광고'!$C:$C,$R46)) -> 0 | Y46: =IFERROR(X46/W46,0) -> 0 | Z46: =IF( IFERROR(IF(Y45=0, 0, (Y46 - Y45) / Y45), 0)=0," ",IFERROR(IF(Y45=0, 0, (Y46 - Y45) / Y45), 0)) | AB46: =IF($S$4="", SUMIFS('무신사 메타 광고'!$X:$X, '무신사 메타 광고'!$C:$C, $R46),SUMIFS('무신사 메타 광고'!$X:$X,'무신사 메타 광고'!$I:$I,$S$4,'무신사 메타 광고'!$C:$C,$R46)) -> 0 | AC46: =IFERROR( AB46/(AB46+T46),0 ) -> 0
A47: =MONTH(B47) -> 5 | B47: =IFERROR(__xludf.DUMMYFUNCTION("""COMPUTED_VALUE"""),46151) -> 46151 | C47: =IF($C$4="", SUMIFS('무신사 메타 광고'!$L:$L, '무신사 메타 광고'!$D:$D, $B47), SUMIFS('무신사 메타 광고'!$L:$L, '무신사 메타 광고'!$I:$I, $C$4, '무신사 메타 광고'!$D:$D, $B47)) -> 54041 | D47: =IF($C$4="", SUMIFS('무신사 메타 광고'!$V:$V, '무신사 메타 광고'!$D:$D, $B47), SUMIFS('무신사 메타 광고'!$V:$V,'무신사 메타 광고'!$I:$I,$C$4,'무신사 메타 광고'!$D:$D,$B47)) -> 1457500 | E47: =IFERROR(D47/C47,0) -> 26.970263 | F47: =IF( IFERROR(IF(E46=0, 0, (E47 - E46) / E46), 0)=0," ",IFERROR(IF(E46=0, 0, (E47 - E46) / E46), 0)) -> 2.5634597 | G47: =IF($C$4="", SUMIFS('무신사 메타 광고'!$K:$K, '무신사 메타 광고'!$D:$D, $B47), SUMIFS('무신사 메타 광고'!$K:$K,'무신사 메타 광고'!$I:$I,$C$4,'무신사 메타 광고'!D:D,$B47)) -> 16140 | H47: =IF($C$4="", SUMIFS('무신사 메타 광고'!$N:$N, '무신사 메타 광고'!$D:$D, $B47),SUMIFS('무신사 메타 광고'!$N:$N,'무신사 메타 광고'!$I:$I,$C$4,'무신사 메타 광고'!$D:$D,$B47)) -> 435 | I47: =IF($C$4="", SUMIFS('무신사 메타 광고'!$U:$U, '무신사 메타 광고'!$D:$D, $B47),SUMIFS('무신사 메타 광고'!$U:$U,'무신사 메타 광고'!$I:$I,$C$4,'무신사 메타 광고'!$D:$D,$B47)) -> 12 | J47: =IFERROR( I47/H47,0) -> 0.027586207 | K47: =IFERROR(H47/G47,0) -> 0.026951673 | L47: =IF( IFERROR(IF(K46=0, 0, (K47 - K46) / K46), 0)=0," ",IFERROR(IF(K46=0, 0, (K47 - K46) / K46), 0)) -> -0.023367256 | N47: =IF($C$4="", SUMIFS('무신사 메타 광고'!$X:$X, '무신사 메타 광고'!$D:$D, $B47),SUMIFS('무신사 메타 광고'!$X:$X,'무신사 메타 광고'!I:I,$C$4,'무신사 메타 광고'!D:D,$B47)) -> 12304550 | O47: =IFERROR( N47/(N47+D47),0 ) -> 0.89409281 | S47: =IF($S$4="", SUMIFS('무신사 메타 광고'!$L:$L, '무신사 메타 광고'!$C:$C, $R47),SUMIFS('무신사 메타 광고'!L:L,'무신사 메타 광고'!$I:$I,$S$4,'무신사 메타 광고'!$C:$C,$R47)) -> 0 | T47: =IF($S$4="", SUMIFS('무신사 메타 광고'!$V:$V, '무신사 메타 광고'!$C:$C, $R47),SUMIFS('무신사 메타 광고'!$V:$V,'무신사 메타 광고'!$I:$I,$S$4,'무신사 메타 광고'!$C:$C,$R47)) -> 0 | U47: =IFERROR(T47/S47,0) -> 0 | V47: =IF( IFERROR(IF(U46=0, 0, (U47 - U46) / U46), 0)=0," ",IFERROR(IF(U46=0, 0, (U47 - U46) / U46), 0)) | W47: =IF($S$4="", SUMIFS('무신사 메타 광고'!$K:$K, '무신사 메타 광고'!$C:$C, $R47),SUMIFS('무신사 메타 광고'!$K:$K,'무신사 메타 광고'!$I:$I,$S$4,'무신사 메타 광고'!$C:$C,$R47)) -> 0 | X47: =IF($S$4="", SUMIFS('무신사 메타 광고'!$N:$N, '무신사 메타 광고'!$C:$C, $R47),SUMIFS('무신사 메타 광고'!$N:$N,'무신사 메타 광고'!$I:$I,$S$4,'무신사 메타 광고'!$C:$C,$R47)) -> 0 | Y47: =IFERROR(X47/W47,0) -> 0 | Z47: =IF( IFERROR(IF(Y46=0, 0, (Y47 - Y46) / Y46), 0)=0," ",IFERROR(IF(Y46=0, 0, (Y47 - Y46) / Y46), 0)) | AB47: =IF($S$4="", SUMIFS('무신사 메타 광고'!$X:$X, '무신사 메타 광고'!$C:$C, $R47),SUMIFS('무신사 메타 광고'!$X:$X,'무신사 메타 광고'!$I:$I,$S$4,'무신사 메타 광고'!$C:$C,$R47)) -> 0 | AC47: =IFERROR( AB47/(AB47+T47),0 ) -> 0
A48: =MONTH(B48) -> 5 | B48: =IFERROR(__xludf.DUMMYFUNCTION("""COMPUTED_VALUE"""),46152) -> 46152 | C48: =IF($C$4="", SUMIFS('무신사 메타 광고'!$L:$L, '무신사 메타 광고'!$D:$D, $B48), SUMIFS('무신사 메타 광고'!$L:$L, '무신사 메타 광고'!$I:$I, $C$4, '무신사 메타 광고'!$D:$D, $B48)) -> 55423 | D48: =IF($C$4="", SUMIFS('무신사 메타 광고'!$V:$V, '무신사 메타 광고'!$D:$D, $B48), SUMIFS('무신사 메타 광고'!$V:$V,'무신사 메타 광고'!$I:$I,$C$4,'무신사 메타 광고'!$D:$D,$B48)) -> 1630400 | E48: =IFERROR(D48/C48,0) -> 29.41739 | F48: =IF( IFERROR(IF(E47=0, 0, (E48 - E47) / E47), 0)=0," ",IFERROR(IF(E47=0, 0, (E48 - E47) / E47), 0)) -> 0.090734248 | G48: =IF($C$4="", SUMIFS('무신사 메타 광고'!$K:$K, '무신사 메타 광고'!$D:$D, $B48), SUMIFS('무신사 메타 광고'!$K:$K,'무신사 메타 광고'!$I:$I,$C$4,'무신사 메타 광고'!D:D,$B48)) -> 18117 | H48: =IF($C$4="", SUMIFS('무신사 메타 광고'!$N:$N, '무신사 메타 광고'!$D:$D, $B48),SUMIFS('무신사 메타 광고'!$N:$N,'무신사 메타 광고'!$I:$I,$C$4,'무신사 메타 광고'!$D:$D,$B48)) -> 461 | I48: =IF($C$4="", SUMIFS('무신사 메타 광고'!$U:$U, '무신사 메타 광고'!$D:$D, $B48),SUMIFS('무신사 메타 광고'!$U:$U,'무신사 메타 광고'!$I:$I,$C$4,'무신사 메타 광고'!$D:$D,$B48)) -> 13 | J48: =IFERROR( I48/H48,0) -> 0.028199566 | K48: =IFERROR(H48/G48,0) -> 0.025445714 | L48: =IF( IFERROR(IF(K47=0, 0, (K48 - K47) / K47), 0)=0," ",IFERROR(IF(K47=0, 0, (K48 - K47) / K47), 0)) -> -0.055876268 | N48: =IF($C$4="", SUMIFS('무신사 메타 광고'!$X:$X, '무신사 메타 광고'!$D:$D, $B48),SUMIFS('무신사 메타 광고'!$X:$X,'무신사 메타 광고'!I:I,$C$4,'무신사 메타 광고'!D:D,$B48)) -> 10801200 | O48: =IFERROR( N48/(N48+D48),0 ) -> 0.86885035 | S48: =IF($S$4="", SUMIFS('무신사 메타 광고'!$L:$L, '무신사 메타 광고'!$C:$C, $R48),SUMIFS('무신사 메타 광고'!L:L,'무신사 메타 광고'!$I:$I,$S$4,'무신사 메타 광고'!$C:$C,$R48)) -> 0 | T48: =IF($S$4="", SUMIFS('무신사 메타 광고'!$V:$V, '무신사 메타 광고'!$C:$C, $R48),SUMIFS('무신사 메타 광고'!$V:$V,'무신사 메타 광고'!$I:$I,$S$4,'무신사 메타 광고'!$C:$C,$R48)) -> 0 | U48: =IFERROR(T48/S48,0) -> 0 | V48: =IF( IFERROR(IF(U47=0, 0, (U48 - U47) / U47), 0)=0," ",IFERROR(IF(U47=0, 0, (U48 - U47) / U47), 0)) | W48: =IF($S$4="", SUMIFS('무신사 메타 광고'!$K:$K, '무신사 메타 광고'!$C:$C, $R48),SUMIFS('무신사 메타 광고'!$K:$K,'무신사 메타 광고'!$I:$I,$S$4,'무신사 메타 광고'!$C:$C,$R48)) -> 0 | X48: =IF($S$4="", SUMIFS('무신사 메타 광고'!$N:$N, '무신사 메타 광고'!$C:$C, $R48),SUMIFS('무신사 메타 광고'!$N:$N,'무신사 메타 광고'!$I:$I,$S$4,'무신사 메타 광고'!$C:$C,$R48)) -> 0 | Y48: =IFERROR(X48/W48,0) -> 0 | Z48: =IF( IFERROR(IF(Y47=0, 0, (Y48 - Y47) / Y47), 0)=0," ",IFERROR(IF(Y47=0, 0, (Y48 - Y47) / Y47), 0)) | AB48: =IF($S$4="", SUMIFS('무신사 메타 광고'!$X:$X, '무신사 메타 광고'!$C:$C, $R48),SUMIFS('무신사 메타 광고'!$X:$X,'무신사 메타 광고'!$I:$I,$S$4,'무신사 메타 광고'!$C:$C,$R48)) -> 0 | AC48: =IFERROR( AB48/(AB48+T48),0 ) -> 0
A49: =MONTH(B49) -> 5 | B49: =IFERROR(__xludf.DUMMYFUNCTION("""COMPUTED_VALUE"""),46153) -> 46153 | C49: =IF($C$4="", SUMIFS('무신사 메타 광고'!$L:$L, '무신사 메타 광고'!$D:$D, $B49), SUMIFS('무신사 메타 광고'!$L:$L, '무신사 메타 광고'!$I:$I, $C$4, '무신사 메타 광고'!$D:$D, $B49)) -> 47982 | D49: =IF($C$4="", SUMIFS('무신사 메타 광고'!$V:$V, '무신사 메타 광고'!$D:$D, $B49), SUMIFS('무신사 메타 광고'!$V:$V,'무신사 메타 광고'!$I:$I,$C$4,'무신사 메타 광고'!$D:$D,$B49)) -> 1773400 | E49: =IFERROR(D49/C49,0) -> 36.959693 | F49: =IF( IFERROR(IF(E48=0, 0, (E49 - E48) / E48), 0)=0," ",IFERROR(IF(E48=0, 0, (E49 - E48) / E48), 0)) -> 0.25638928 | G49: =IF($C$4="", SUMIFS('무신사 메타 광고'!$K:$K, '무신사 메타 광고'!$D:$D, $B49), SUMIFS('무신사 메타 광고'!$K:$K,'무신사 메타 광고'!$I:$I,$C$4,'무신사 메타 광고'!D:D,$B49)) -> 16830 | H49: =IF($C$4="", SUMIFS('무신사 메타 광고'!$N:$N, '무신사 메타 광고'!$D:$D, $B49),SUMIFS('무신사 메타 광고'!$N:$N,'무신사 메타 광고'!$I:$I,$C$4,'무신사 메타 광고'!$D:$D,$B49)) -> 344 | I49: =IF($C$4="", SUMIFS('무신사 메타 광고'!$U:$U, '무신사 메타 광고'!$D:$D, $B49),SUMIFS('무신사 메타 광고'!$U:$U,'무신사 메타 광고'!$I:$I,$C$4,'무신사 메타 광고'!$D:$D,$B49)) -> 18 | J49: =IFERROR( I49/H49,0) -> 0.052325581 | K49: =IFERROR(H49/G49,0) -> 0.020439691 | L49: =IF( IFERROR(IF(K48=0, 0, (K49 - K48) / K48), 0)=0," ",IFERROR(IF(K48=0, 0, (K49 - K48) / K48), 0)) -> -0.19673344 | N49: =IF($C$4="", SUMIFS('무신사 메타 광고'!$X:$X, '무신사 메타 광고'!$D:$D, $B49),SUMIFS('무신사 메타 광고'!$X:$X,'무신사 메타 광고'!I:I,$C$4,'무신사 메타 광고'!D:D,$B49)) -> 9218900 | O49: =IFERROR( N49/(N49+D49),0 ) -> 0.83866889 | S49: =IF($S$4="", SUMIFS('무신사 메타 광고'!$L:$L, '무신사 메타 광고'!$C:$C, $R49),SUMIFS('무신사 메타 광고'!L:L,'무신사 메타 광고'!$I:$I,$S$4,'무신사 메타 광고'!$C:$C,$R49)) -> 0 | T49: =IF($S$4="", SUMIFS('무신사 메타 광고'!$V:$V, '무신사 메타 광고'!$C:$C, $R49),SUMIFS('무신사 메타 광고'!$V:$V,'무신사 메타 광고'!$I:$I,$S$4,'무신사 메타 광고'!$C:$C,$R49)) -> 0 | U49: =IFERROR(T49/S49,0) -> 0 | V49: =IF( IFERROR(IF(U48=0, 0, (U49 - U48) / U48), 0)=0," ",IFERROR(IF(U48=0, 0, (U49 - U48) / U48), 0)) | W49: =IF($S$4="", SUMIFS('무신사 메타 광고'!$K:$K, '무신사 메타 광고'!$C:$C, $R49),SUMIFS('무신사 메타 광고'!$K:$K,'무신사 메타 광고'!$I:$I,$S$4,'무신사 메타 광고'!$C:$C,$R49)) -> 0 | X49: =IF($S$4="", SUMIFS('무신사 메타 광고'!$N:$N, '무신사 메타 광고'!$C:$C, $R49),SUMIFS('무신사 메타 광고'!$N:$N,'무신사 메타 광고'!$I:$I,$S$4,'무신사 메타 광고'!$C:$C,$R49)) -> 0 | Y49: =IFERROR(X49/W49,0) -> 0 | Z49: =IF( IFERROR(IF(Y48=0, 0, (Y49 - Y48) / Y48), 0)=0," ",IFERROR(IF(Y48=0, 0, (Y49 - Y48) / Y48), 0)) | AB49: =IF($S$4="", SUMIFS('무신사 메타 광고'!$X:$X, '무신사 메타 광고'!$C:$C, $R49),SUMIFS('무신사 메타 광고'!$X:$X,'무신사 메타 광고'!$I:$I,$S$4,'무신사 메타 광고'!$C:$C,$R49)) -> 0 | AC49: =IFERROR( AB49/(AB49+T49),0 ) -> 0
A50: =MONTH(B50) -> 5 | B50: =IFERROR(__xludf.DUMMYFUNCTION("""COMPUTED_VALUE"""),46154) -> 46154 | C50: =IF($C$4="", SUMIFS('무신사 메타 광고'!$L:$L, '무신사 메타 광고'!$D:$D, $B50), SUMIFS('무신사 메타 광고'!$L:$L, '무신사 메타 광고'!$I:$I, $C$4, '무신사 메타 광고'!$D:$D, $B50)) -> 61824 | D50: =IF($C$4="", SUMIFS('무신사 메타 광고'!$V:$V, '무신사 메타 광고'!$D:$D, $B50), SUMIFS('무신사 메타 광고'!$V:$V,'무신사 메타 광고'!$I:$I,$C$4,'무신사 메타 광고'!$D:$D,$B50)) -> 346200 | E50: =IFERROR(D50/C50,0) -> 5.5997671 | F50: =IF( IFERROR(IF(E49=0, 0, (E50 - E49) / E49), 0)=0," ",IFERROR(IF(E49=0, 0, (E50 - E49) / E49), 0)) -> -0.84848989 | G50: =IF($C$4="", SUMIFS('무신사 메타 광고'!$K:$K, '무신사 메타 광고'!$D:$D, $B50), SUMIFS('무신사 메타 광고'!$K:$K,'무신사 메타 광고'!$I:$I,$C$4,'무신사 메타 광고'!D:D,$B50)) -> 23984 | H50: =IF($C$4="", SUMIFS('무신사 메타 광고'!$N:$N, '무신사 메타 광고'!$D:$D, $B50),SUMIFS('무신사 메타 광고'!$N:$N,'무신사 메타 광고'!$I:$I,$C$4,'무신사 메타 광고'!$D:$D,$B50)) -> 295 | I50: =IF($C$4="", SUMIFS('무신사 메타 광고'!$U:$U, '무신사 메타 광고'!$D:$D, $B50),SUMIFS('무신사 메타 광고'!$U:$U,'무신사 메타 광고'!$I:$I,$C$4,'무신사 메타 광고'!$D:$D,$B50)) -> 2 | J50: =IFERROR( I50/H50,0) -> 0.006779661 | K50: =IFERROR(H50/G50,0) -> 0.012299867 | L50: =IF( IFERROR(IF(K49=0, 0, (K50 - K49) / K49), 0)=0," ",IFERROR(IF(K49=0, 0, (K50 - K49) / K49), 0)) -> -0.39823618 | N50: =IF($C$4="", SUMIFS('무신사 메타 광고'!$X:$X, '무신사 메타 광고'!$D:$D, $B50),SUMIFS('무신사 메타 광고'!$X:$X,'무신사 메타 광고'!I:I,$C$4,'무신사 메타 광고'!D:D,$B50)) -> 2675400 | O50: =IFERROR( N50/(N50+D50),0 ) -> 0.88542494 | S50: =IF($S$4="", SUMIFS('무신사 메타 광고'!$L:$L, '무신사 메타 광고'!$C:$C, $R50),SUMIFS('무신사 메타 광고'!L:L,'무신사 메타 광고'!$I:$I,$S$4,'무신사 메타 광고'!$C:$C,$R50)) -> 0 | T50: =IF($S$4="", SUMIFS('무신사 메타 광고'!$V:$V, '무신사 메타 광고'!$C:$C, $R50),SUMIFS('무신사 메타 광고'!$V:$V,'무신사 메타 광고'!$I:$I,$S$4,'무신사 메타 광고'!$C:$C,$R50)) -> 0 | U50: =IFERROR(T50/S50,0) -> 0 | V50: =IF( IFERROR(IF(U49=0, 0, (U50 - U49) / U49), 0)=0," ",IFERROR(IF(U49=0, 0, (U50 - U49) / U49), 0)) | W50: =IF($S$4="", SUMIFS('무신사 메타 광고'!$K:$K, '무신사 메타 광고'!$C:$C, $R50),SUMIFS('무신사 메타 광고'!$K:$K,'무신사 메타 광고'!$I:$I,$S$4,'무신사 메타 광고'!$C:$C,$R50)) -> 0 | X50: =IF($S$4="", SUMIFS('무신사 메타 광고'!$N:$N, '무신사 메타 광고'!$C:$C, $R50),SUMIFS('무신사 메타 광고'!$N:$N,'무신사 메타 광고'!$I:$I,$S$4,'무신사 메타 광고'!$C:$C,$R50)) -> 0 | Y50: =IFERROR(X50/W50,0) -> 0 | Z50: =IF( IFERROR(IF(Y49=0, 0, (Y50 - Y49) / Y49), 0)=0," ",IFERROR(IF(Y49=0, 0, (Y50 - Y49) / Y49), 0)) | AB50: =IF($S$4="", SUMIFS('무신사 메타 광고'!$X:$X, '무신사 메타 광고'!$C:$C, $R50),SUMIFS('무신사 메타 광고'!$X:$X,'무신사 메타 광고'!$I:$I,$S$4,'무신사 메타 광고'!$C:$C,$R50)) -> 0 | AC50: =IFERROR( AB50/(AB50+T50),0 ) -> 0
A51: =MONTH(B51) -> 5 | B51: =IFERROR(__xludf.DUMMYFUNCTION("""COMPUTED_VALUE"""),46155) -> 46155 | C51: =IF($C$4="", SUMIFS('무신사 메타 광고'!$L:$L, '무신사 메타 광고'!$D:$D, $B51), SUMIFS('무신사 메타 광고'!$L:$L, '무신사 메타 광고'!$I:$I, $C$4, '무신사 메타 광고'!$D:$D, $B51)) -> 63109 | D51: =IF($C$4="", SUMIFS('무신사 메타 광고'!$V:$V, '무신사 메타 광고'!$D:$D, $B51), SUMIFS('무신사 메타 광고'!$V:$V,'무신사 메타 광고'!$I:$I,$C$4,'무신사 메타 광고'!$D:$D,$B51)) -> 571400 | E51: =IFERROR(D51/C51,0) -> 9.0541761 | F51: =IF( IFERROR(IF(E50=0, 0, (E51 - E50) / E50), 0)=0," ",IFERROR(IF(E50=0, 0, (E51 - E50) / E50), 0)) -> 0.61688441 | G51: =IF($C$4="", SUMIFS('무신사 메타 광고'!$K:$K, '무신사 메타 광고'!$D:$D, $B51), SUMIFS('무신사 메타 광고'!$K:$K,'무신사 메타 광고'!$I:$I,$C$4,'무신사 메타 광고'!D:D,$B51)) -> 24056 | H51: =IF($C$4="", SUMIFS('무신사 메타 광고'!$N:$N, '무신사 메타 광고'!$D:$D, $B51),SUMIFS('무신사 메타 광고'!$N:$N,'무신사 메타 광고'!$I:$I,$C$4,'무신사 메타 광고'!$D:$D,$B51)) -> 287 | I51: =IF($C$4="", SUMIFS('무신사 메타 광고'!$U:$U, '무신사 메타 광고'!$D:$D, $B51),SUMIFS('무신사 메타 광고'!$U:$U,'무신사 메타 광고'!$I:$I,$C$4,'무신사 메타 광고'!$D:$D,$B51)) -> 6 | J51: =IFERROR( I51/H51,0) -> 0.020905923 | K51: =IFERROR(H51/G51,0) -> 0.011930496 | L51: =IF( IFERROR(IF(K50=0, 0, (K51 - K50) / K50), 0)=0," ",IFERROR(IF(K50=0, 0, (K51 - K50) / K50), 0)) -> -0.030030494 | N51: =IF($C$4="", SUMIFS('무신사 메타 광고'!$X:$X, '무신사 메타 광고'!$D:$D, $B51),SUMIFS('무신사 메타 광고'!$X:$X,'무신사 메타 광고'!I:I,$C$4,'무신사 메타 광고'!D:D,$B51)) -> 2532500 | O51: =IFERROR( N51/(N51+D51),0 ) -> 0.81590902 | S51: =IF($S$4="", SUMIFS('무신사 메타 광고'!$L:$L, '무신사 메타 광고'!$C:$C, $R51),SUMIFS('무신사 메타 광고'!L:L,'무신사 메타 광고'!$I:$I,$S$4,'무신사 메타 광고'!$C:$C,$R51)) -> 0 | T51: =IF($S$4="", SUMIFS('무신사 메타 광고'!$V:$V, '무신사 메타 광고'!$C:$C, $R51),SUMIFS('무신사 메타 광고'!$V:$V,'무신사 메타 광고'!$I:$I,$S$4,'무신사 메타 광고'!$C:$C,$R51)) -> 0 | U51: =IFERROR(T51/S51,0) -> 0 | V51: =IF( IFERROR(IF(U50=0, 0, (U51 - U50) / U50), 0)=0," ",IFERROR(IF(U50=0, 0, (U51 - U50) / U50), 0)) | W51: =IF($S$4="", SUMIFS('무신사 메타 광고'!$K:$K, '무신사 메타 광고'!$C:$C, $R51),SUMIFS('무신사 메타 광고'!$K:$K,'무신사 메타 광고'!$I:$I,$S$4,'무신사 메타 광고'!$C:$C,$R51)) -> 0 | X51: =IF($S$4="", SUMIFS('무신사 메타 광고'!$N:$N, '무신사 메타 광고'!$C:$C, $R51),SUMIFS('무신사 메타 광고'!$N:$N,'무신사 메타 광고'!$I:$I,$S$4,'무신사 메타 광고'!$C:$C,$R51)) -> 0 | Y51: =IFERROR(X51/W51,0) -> 0 | Z51: =IF( IFERROR(IF(Y50=0, 0, (Y51 - Y50) / Y50), 0)=0," ",IFERROR(IF(Y50=0, 0, (Y51 - Y50) / Y50), 0)) | AB51: =IF($S$4="", SUMIFS('무신사 메타 광고'!$X:$X, '무신사 메타 광고'!$C:$C, $R51),SUMIFS('무신사 메타 광고'!$X:$X,'무신사 메타 광고'!$I:$I,$S$4,'무신사 메타 광고'!$C:$C,$R51)) -> 0 | AC51: =IFERROR( AB51/(AB51+T51),0 ) -> 0
A52: =MONTH(B52) -> 5 | B52: =IFERROR(__xludf.DUMMYFUNCTION("""COMPUTED_VALUE"""),46156) -> 46156 | C52: =IF($C$4="", SUMIFS('무신사 메타 광고'!$L:$L, '무신사 메타 광고'!$D:$D, $B52), SUMIFS('무신사 메타 광고'!$L:$L, '무신사 메타 광고'!$I:$I, $C$4, '무신사 메타 광고'!$D:$D, $B52)) -> 69056 | D52: =IF($C$4="", SUMIFS('무신사 메타 광고'!$V:$V, '무신사 메타 광고'!$D:$D, $B52), SUMIFS('무신사 메타 광고'!$V:$V,'무신사 메타 광고'!$I:$I,$C$4,'무신사 메타 광고'!$D:$D,$B52)) -> 135000 | E52: =IFERROR(D52/C52,0) -> 1.9549351 | F52: =IF( IFERROR(IF(E51=0, 0, (E52 - E51) / E51), 0)=0," ",IFERROR(IF(E51=0, 0, (E52 - E51) / E51), 0)) -> -0.7840847 | G52: =IF($C$4="", SUMIFS('무신사 메타 광고'!$K:$K, '무신사 메타 광고'!$D:$D, $B52), SUMIFS('무신사 메타 광고'!$K:$K,'무신사 메타 광고'!$I:$I,$C$4,'무신사 메타 광고'!D:D,$B52)) -> 25959 | H52: =IF($C$4="", SUMIFS('무신사 메타 광고'!$N:$N, '무신사 메타 광고'!$D:$D, $B52),SUMIFS('무신사 메타 광고'!$N:$N,'무신사 메타 광고'!$I:$I,$C$4,'무신사 메타 광고'!$D:$D,$B52)) -> 355 | I52: =IF($C$4="", SUMIFS('무신사 메타 광고'!$U:$U, '무신사 메타 광고'!$D:$D, $B52),SUMIFS('무신사 메타 광고'!$U:$U,'무신사 메타 광고'!$I:$I,$C$4,'무신사 메타 광고'!$D:$D,$B52)) -> 2 | J52: =IFERROR( I52/H52,0) -> 0.0056338028 | K52: =IFERROR(H52/G52,0) -> 0.013675411 | L52: =IF( IFERROR(IF(K51=0, 0, (K52 - K51) / K51), 0)=0," ",IFERROR(IF(K51=0, 0, (K52 - K51) / K51), 0)) -> 0.14625677 | N52: =IF($C$4="", SUMIFS('무신사 메타 광고'!$X:$X, '무신사 메타 광고'!$D:$D, $B52),SUMIFS('무신사 메타 광고'!$X:$X,'무신사 메타 광고'!I:I,$C$4,'무신사 메타 광고'!D:D,$B52)) -> 2884200 | O52: =IFERROR( N52/(N52+D52),0 ) -> 0.95528617 | S52: =IF($S$4="", SUMIFS('무신사 메타 광고'!$L:$L, '무신사 메타 광고'!$C:$C, $R52),SUMIFS('무신사 메타 광고'!L:L,'무신사 메타 광고'!$I:$I,$S$4,'무신사 메타 광고'!$C:$C,$R52)) -> 0 | T52: =IF($S$4="", SUMIFS('무신사 메타 광고'!$V:$V, '무신사 메타 광고'!$C:$C, $R52),SUMIFS('무신사 메타 광고'!$V:$V,'무신사 메타 광고'!$I:$I,$S$4,'무신사 메타 광고'!$C:$C,$R52)) -> 0 | U52: =IFERROR(T52/S52,0) -> 0 | V52: =IF( IFERROR(IF(U51=0, 0, (U52 - U51) / U51), 0)=0," ",IFERROR(IF(U51=0, 0, (U52 - U51) / U51), 0)) | W52: =IF($S$4="", SUMIFS('무신사 메타 광고'!$K:$K, '무신사 메타 광고'!$C:$C, $R52),SUMIFS('무신사 메타 광고'!$K:$K,'무신사 메타 광고'!$I:$I,$S$4,'무신사 메타 광고'!$C:$C,$R52)) -> 0 | X52: =IF($S$4="", SUMIFS('무신사 메타 광고'!$N:$N, '무신사 메타 광고'!$C:$C, $R52),SUMIFS('무신사 메타 광고'!$N:$N,'무신사 메타 광고'!$I:$I,$S$4,'무신사 메타 광고'!$C:$C,$R52)) -> 0 | Y52: =IFERROR(X52/W52,0) -> 0 | Z52: =IF( IFERROR(IF(Y51=0, 0, (Y52 - Y51) / Y51), 0)=0," ",IFERROR(IF(Y51=0, 0, (Y52 - Y51) / Y51), 0)) | AB52: =IF($S$4="", SUMIFS('무신사 메타 광고'!$X:$X, '무신사 메타 광고'!$C:$C, $R52),SUMIFS('무신사 메타 광고'!$X:$X,'무신사 메타 광고'!$I:$I,$S$4,'무신사 메타 광고'!$C:$C,$R52)) -> 0 | AC52: =IFERROR( AB52/(AB52+T52),0 ) -> 0
A53: =MONTH(B53) -> 5 | B53: =IFERROR(__xludf.DUMMYFUNCTION("""COMPUTED_VALUE"""),46157) -> 46157 | C53: =IF($C$4="", SUMIFS('무신사 메타 광고'!$L:$L, '무신사 메타 광고'!$D:$D, $B53), SUMIFS('무신사 메타 광고'!$L:$L, '무신사 메타 광고'!$I:$I, $C$4, '무신사 메타 광고'!$D:$D, $B53)) -> 59846 | D53: =IF($C$4="", SUMIFS('무신사 메타 광고'!$V:$V, '무신사 메타 광고'!$D:$D, $B53), SUMIFS('무신사 메타 광고'!$V:$V,'무신사 메타 광고'!$I:$I,$C$4,'무신사 메타 광고'!$D:$D,$B53)) -> 432200 | E53: =IFERROR(D53/C53,0) -> 7.2218695 | F53: =IF( IFERROR(IF(E52=0, 0, (E53 - E52) / E52), 0)=0," ",IFERROR(IF(E52=0, 0, (E53 - E52) / E52), 0)) -> 2.6941735 | G53: =IF($C$4="", SUMIFS('무신사 메타 광고'!$K:$K, '무신사 메타 광고'!$D:$D, $B53), SUMIFS('무신사 메타 광고'!$K:$K,'무신사 메타 광고'!$I:$I,$C$4,'무신사 메타 광고'!D:D,$B53)) -> 21343 | H53: =IF($C$4="", SUMIFS('무신사 메타 광고'!$N:$N, '무신사 메타 광고'!$D:$D, $B53),SUMIFS('무신사 메타 광고'!$N:$N,'무신사 메타 광고'!$I:$I,$C$4,'무신사 메타 광고'!$D:$D,$B53)) -> 292 | I53: =IF($C$4="", SUMIFS('무신사 메타 광고'!$U:$U, '무신사 메타 광고'!$D:$D, $B53),SUMIFS('무신사 메타 광고'!$U:$U,'무신사 메타 광고'!$I:$I,$C$4,'무신사 메타 광고'!$D:$D,$B53)) -> 4 | J53: =IFERROR( I53/H53,0) -> 0.01369863 | K53: =IFERROR(H53/G53,0) -> 0.013681301 | L53: =IF( IFERROR(IF(K52=0, 0, (K53 - K52) / K52), 0)=0," ",IFERROR(IF(K52=0, 0, (K53 - K52) / K52), 0)) -> 0.00043065873 | N53: =IF($C$4="", SUMIFS('무신사 메타 광고'!$X:$X, '무신사 메타 광고'!$D:$D, $B53),SUMIFS('무신사 메타 광고'!$X:$X,'무신사 메타 광고'!I:I,$C$4,'무신사 메타 광고'!D:D,$B53)) -> 1636800 | O53: =IFERROR( N53/(N53+D53),0 ) -> 0.79110681 | S53: =IF($S$4="", SUMIFS('무신사 메타 광고'!$L:$L, '무신사 메타 광고'!$C:$C, $R53),SUMIFS('무신사 메타 광고'!L:L,'무신사 메타 광고'!$I:$I,$S$4,'무신사 메타 광고'!$C:$C,$R53)) -> 0 | T53: =IF($S$4="", SUMIFS('무신사 메타 광고'!$V:$V, '무신사 메타 광고'!$C:$C, $R53),SUMIFS('무신사 메타 광고'!$V:$V,'무신사 메타 광고'!$I:$I,$S$4,'무신사 메타 광고'!$C:$C,$R53)) -> 0 | U53: =IFERROR(T53/S53,0) -> 0 | V53: =IF( IFERROR(IF(U52=0, 0, (U53 - U52) / U52), 0)=0," ",IFERROR(IF(U52=0, 0, (U53 - U52) / U52), 0)) | W53: =IF($S$4="", SUMIFS('무신사 메타 광고'!$K:$K, '무신사 메타 광고'!$C:$C, $R53),SUMIFS('무신사 메타 광고'!$K:$K,'무신사 메타 광고'!$I:$I,$S$4,'무신사 메타 광고'!$C:$C,$R53)) -> 0 | X53: =IF($S$4="", SUMIFS('무신사 메타 광고'!$N:$N, '무신사 메타 광고'!$C:$C, $R53),SUMIFS('무신사 메타 광고'!$N:$N,'무신사 메타 광고'!$I:$I,$S$4,'무신사 메타 광고'!$C:$C,$R53)) -> 0 | Y53: =IFERROR(X53/W53,0) -> 0 | Z53: =IF( IFERROR(IF(Y52=0, 0, (Y53 - Y52) / Y52), 0)=0," ",IFERROR(IF(Y52=0, 0, (Y53 - Y52) / Y52), 0)) | AB53: =IF($S$4="", SUMIFS('무신사 메타 광고'!$X:$X, '무신사 메타 광고'!$C:$C, $R53),SUMIFS('무신사 메타 광고'!$X:$X,'무신사 메타 광고'!$I:$I,$S$4,'무신사 메타 광고'!$C:$C,$R53)) -> 0 | AC53: =IFERROR( AB53/(AB53+T53),0 ) -> 0
A54: =MONTH(B54) -> 5 | B54: =IFERROR(__xludf.DUMMYFUNCTION("""COMPUTED_VALUE"""),46158) -> 46158 | C54: =IF($C$4="", SUMIFS('무신사 메타 광고'!$L:$L, '무신사 메타 광고'!$D:$D, $B54), SUMIFS('무신사 메타 광고'!$L:$L, '무신사 메타 광고'!$I:$I, $C$4, '무신사 메타 광고'!$D:$D, $B54)) -> 62300 | D54: =IF($C$4="", SUMIFS('무신사 메타 광고'!$V:$V, '무신사 메타 광고'!$D:$D, $B54), SUMIFS('무신사 메타 광고'!$V:$V,'무신사 메타 광고'!$I:$I,$C$4,'무신사 메타 광고'!$D:$D,$B54)) -> 334000 | E54: =IFERROR(D54/C54,0) -> 5.3611557 | F54: =IF( IFERROR(IF(E53=0, 0, (E54 - E53) / E53), 0)=0," ",IFERROR(IF(E53=0, 0, (E54 - E53) / E53), 0)) -> -0.25764988 | G54: =IF($C$4="", SUMIFS('무신사 메타 광고'!$K:$K, '무신사 메타 광고'!$D:$D, $B54), SUMIFS('무신사 메타 광고'!$K:$K,'무신사 메타 광고'!$I:$I,$C$4,'무신사 메타 광고'!D:D,$B54)) -> 20214 | H54: =IF($C$4="", SUMIFS('무신사 메타 광고'!$N:$N, '무신사 메타 광고'!$D:$D, $B54),SUMIFS('무신사 메타 광고'!$N:$N,'무신사 메타 광고'!$I:$I,$C$4,'무신사 메타 광고'!$D:$D,$B54)) -> 354 | I54: =IF($C$4="", SUMIFS('무신사 메타 광고'!$U:$U, '무신사 메타 광고'!$D:$D, $B54),SUMIFS('무신사 메타 광고'!$U:$U,'무신사 메타 광고'!$I:$I,$C$4,'무신사 메타 광고'!$D:$D,$B54)) -> 5 | J54: =IFERROR( I54/H54,0) -> 0.014124294 | K54: =IFERROR(H54/G54,0) -> 0.017512615 | L54: =IF( IFERROR(IF(K53=0, 0, (K54 - K53) / K53), 0)=0," ",IFERROR(IF(K53=0, 0, (K54 - K53) / K53), 0)) -> 0.28004021 | N54: =IF($C$4="", SUMIFS('무신사 메타 광고'!$X:$X, '무신사 메타 광고'!$D:$D, $B54),SUMIFS('무신사 메타 광고'!$X:$X,'무신사 메타 광고'!I:I,$C$4,'무신사 메타 광고'!D:D,$B54)) -> 4870700 | O54: =IFERROR( N54/(N54+D54),0 ) -> 0.93582723 | S54: =IF($S$4="", SUMIFS('무신사 메타 광고'!$L:$L, '무신사 메타 광고'!$C:$C, $R54),SUMIFS('무신사 메타 광고'!L:L,'무신사 메타 광고'!$I:$I,$S$4,'무신사 메타 광고'!$C:$C,$R54)) -> 0 | T54: =IF($S$4="", SUMIFS('무신사 메타 광고'!$V:$V, '무신사 메타 광고'!$C:$C, $R54),SUMIFS('무신사 메타 광고'!$V:$V,'무신사 메타 광고'!$I:$I,$S$4,'무신사 메타 광고'!$C:$C,$R54)) -> 0 | U54: =IFERROR(T54/S54,0) -> 0 | V54: =IF( IFERROR(IF(U53=0, 0, (U54 - U53) / U53), 0)=0," ",IFERROR(IF(U53=0, 0, (U54 - U53) / U53), 0)) | W54: =IF($S$4="", SUMIFS('무신사 메타 광고'!$K:$K, '무신사 메타 광고'!$C:$C, $R54),SUMIFS('무신사 메타 광고'!$K:$K,'무신사 메타 광고'!$I:$I,$S$4,'무신사 메타 광고'!$C:$C,$R54)) -> 0 | X54: =IF($S$4="", SUMIFS('무신사 메타 광고'!$N:$N, '무신사 메타 광고'!$C:$C, $R54),SUMIFS('무신사 메타 광고'!$N:$N,'무신사 메타 광고'!$I:$I,$S$4,'무신사 메타 광고'!$C:$C,$R54)) -> 0 | Y54: =IFERROR(X54/W54,0) -> 0 | Z54: =IF( IFERROR(IF(Y53=0, 0, (Y54 - Y53) / Y53), 0)=0," ",IFERROR(IF(Y53=0, 0, (Y54 - Y53) / Y53), 0)) | AB54: =IF($S$4="", SUMIFS('무신사 메타 광고'!$X:$X, '무신사 메타 광고'!$C:$C, $R54),SUMIFS('무신사 메타 광고'!$X:$X,'무신사 메타 광고'!$I:$I,$S$4,'무신사 메타 광고'!$C:$C,$R54)) -> 0 | AC54: =IFERROR( AB54/(AB54+T54),0 ) -> 0
A55: =MONTH(B55) -> 5 | B55: =IFERROR(__xludf.DUMMYFUNCTION("""COMPUTED_VALUE"""),46159) -> 46159 | C55: =IF($C$4="", SUMIFS('무신사 메타 광고'!$L:$L, '무신사 메타 광고'!$D:$D, $B55), SUMIFS('무신사 메타 광고'!$L:$L, '무신사 메타 광고'!$I:$I, $C$4, '무신사 메타 광고'!$D:$D, $B55)) -> 78528 | D55: =IF($C$4="", SUMIFS('무신사 메타 광고'!$V:$V, '무신사 메타 광고'!$D:$D, $B55), SUMIFS('무신사 메타 광고'!$V:$V,'무신사 메타 광고'!$I:$I,$C$4,'무신사 메타 광고'!$D:$D,$B55)) -> 880500 | E55: =IFERROR(D55/C55,0) -> 11.212561 | F55: =IF( IFERROR(IF(E54=0, 0, (E55 - E54) / E54), 0)=0," ",IFERROR(IF(E54=0, 0, (E55 - E54) / E54), 0)) -> 1.0914448 | G55: =IF($C$4="", SUMIFS('무신사 메타 광고'!$K:$K, '무신사 메타 광고'!$D:$D, $B55), SUMIFS('무신사 메타 광고'!$K:$K,'무신사 메타 광고'!$I:$I,$C$4,'무신사 메타 광고'!D:D,$B55)) -> 22822 | H55: =IF($C$4="", SUMIFS('무신사 메타 광고'!$N:$N, '무신사 메타 광고'!$D:$D, $B55),SUMIFS('무신사 메타 광고'!$N:$N,'무신사 메타 광고'!$I:$I,$C$4,'무신사 메타 광고'!$D:$D,$B55)) -> 516 | I55: =IF($C$4="", SUMIFS('무신사 메타 광고'!$U:$U, '무신사 메타 광고'!$D:$D, $B55),SUMIFS('무신사 메타 광고'!$U:$U,'무신사 메타 광고'!$I:$I,$C$4,'무신사 메타 광고'!$D:$D,$B55)) -> 8 | J55: =IFERROR( I55/H55,0) -> 0.015503876 | K55: =IFERROR(H55/G55,0) -> 0.022609763 | L55: =IF( IFERROR(IF(K54=0, 0, (K55 - K54) / K54), 0)=0," ",IFERROR(IF(K54=0, 0, (K55 - K54) / K54), 0)) -> 0.29105576 | N55: =IF($C$4="", SUMIFS('무신사 메타 광고'!$X:$X, '무신사 메타 광고'!$D:$D, $B55),SUMIFS('무신사 메타 광고'!$X:$X,'무신사 메타 광고'!I:I,$C$4,'무신사 메타 광고'!D:D,$B55)) -> 5698650 | O55: =IFERROR( N55/(N55+D55),0 ) -> 0.86616812 | S55: =IF($S$4="", SUMIFS('무신사 메타 광고'!$L:$L, '무신사 메타 광고'!$C:$C, $R55),SUMIFS('무신사 메타 광고'!L:L,'무신사 메타 광고'!$I:$I,$S$4,'무신사 메타 광고'!$C:$C,$R55)) -> 0 | T55: =IF($S$4="", SUMIFS('무신사 메타 광고'!$V:$V, '무신사 메타 광고'!$C:$C, $R55),SUMIFS('무신사 메타 광고'!$V:$V,'무신사 메타 광고'!$I:$I,$S$4,'무신사 메타 광고'!$C:$C,$R55)) -> 0 | U55: =IFERROR(T55/S55,0) -> 0 | V55: =IF( IFERROR(IF(U54=0, 0, (U55 - U54) / U54), 0)=0," ",IFERROR(IF(U54=0, 0, (U55 - U54) / U54), 0)) | W55: =IF($S$4="", SUMIFS('무신사 메타 광고'!$K:$K, '무신사 메타 광고'!$C:$C, $R55),SUMIFS('무신사 메타 광고'!$K:$K,'무신사 메타 광고'!$I:$I,$S$4,'무신사 메타 광고'!$C:$C,$R55)) -> 0 | X55: =IF($S$4="", SUMIFS('무신사 메타 광고'!$N:$N, '무신사 메타 광고'!$C:$C, $R55),SUMIFS('무신사 메타 광고'!$N:$N,'무신사 메타 광고'!$I:$I,$S$4,'무신사 메타 광고'!$C:$C,$R55)) -> 0 | Y55: =IFERROR(X55/W55,0) -> 0 | Z55: =IF( IFERROR(IF(Y54=0, 0, (Y55 - Y54) / Y54), 0)=0," ",IFERROR(IF(Y54=0, 0, (Y55 - Y54) / Y54), 0)) | AB55: =IF($S$4="", SUMIFS('무신사 메타 광고'!$X:$X, '무신사 메타 광고'!$C:$C, $R55),SUMIFS('무신사 메타 광고'!$X:$X,'무신사 메타 광고'!$I:$I,$S$4,'무신사 메타 광고'!$C:$C,$R55)) -> 0 | AC55: =IFERROR( AB55/(AB55+T55),0 ) -> 0
A56: =MONTH(B56) -> 5 | B56: =IFERROR(__xludf.DUMMYFUNCTION("""COMPUTED_VALUE"""),46160) -> 46160 | C56: =IF($C$4="", SUMIFS('무신사 메타 광고'!$L:$L, '무신사 메타 광고'!$D:$D, $B56), SUMIFS('무신사 메타 광고'!$L:$L, '무신사 메타 광고'!$I:$I, $C$4, '무신사 메타 광고'!$D:$D, $B56)) -> 65248 | D56: =IF($C$4="", SUMIFS('무신사 메타 광고'!$V:$V, '무신사 메타 광고'!$D:$D, $B56), SUMIFS('무신사 메타 광고'!$V:$V,'무신사 메타 광고'!$I:$I,$C$4,'무신사 메타 광고'!$D:$D,$B56)) -> 980600 | E56: =IFERROR(D56/C56,0) -> 15.028813 | F56: =IF( IFERROR(IF(E55=0, 0, (E56 - E55) / E55), 0)=0," ",IFERROR(IF(E55=0, 0, (E56 - E55) / E55), 0)) -> 0.34035507 | G56: =IF($C$4="", SUMIFS('무신사 메타 광고'!$K:$K, '무신사 메타 광고'!$D:$D, $B56), SUMIFS('무신사 메타 광고'!$K:$K,'무신사 메타 광고'!$I:$I,$C$4,'무신사 메타 광고'!D:D,$B56)) -> 18871 | H56: =IF($C$4="", SUMIFS('무신사 메타 광고'!$N:$N, '무신사 메타 광고'!$D:$D, $B56),SUMIFS('무신사 메타 광고'!$N:$N,'무신사 메타 광고'!$I:$I,$C$4,'무신사 메타 광고'!$D:$D,$B56)) -> 485 | I56: =IF($C$4="", SUMIFS('무신사 메타 광고'!$U:$U, '무신사 메타 광고'!$D:$D, $B56),SUMIFS('무신사 메타 광고'!$U:$U,'무신사 메타 광고'!$I:$I,$C$4,'무신사 메타 광고'!$D:$D,$B56)) -> 9 | J56: =IFERROR( I56/H56,0) -> 0.018556701 | K56: =IFERROR(H56/G56,0) -> 0.025700811 | L56: =IF( IFERROR(IF(K55=0, 0, (K56 - K55) / K55), 0)=0," ",IFERROR(IF(K55=0, 0, (K56 - K55) / K55), 0)) -> 0.13671299 | N56: =IF($C$4="", SUMIFS('무신사 메타 광고'!$X:$X, '무신사 메타 광고'!$D:$D, $B56),SUMIFS('무신사 메타 광고'!$X:$X,'무신사 메타 광고'!I:I,$C$4,'무신사 메타 광고'!D:D,$B56)) -> 8990650 | O56: =IFERROR( N56/(N56+D56),0 ) -> 0.90165726 | S56: =IF($S$4="", SUMIFS('무신사 메타 광고'!$L:$L, '무신사 메타 광고'!$C:$C, $R56),SUMIFS('무신사 메타 광고'!L:L,'무신사 메타 광고'!$I:$I,$S$4,'무신사 메타 광고'!$C:$C,$R56)) -> 0 | T56: =IF($S$4="", SUMIFS('무신사 메타 광고'!$V:$V, '무신사 메타 광고'!$C:$C, $R56),SUMIFS('무신사 메타 광고'!$V:$V,'무신사 메타 광고'!$I:$I,$S$4,'무신사 메타 광고'!$C:$C,$R56)) -> 0 | U56: =IFERROR(T56/S56,0) -> 0 | V56: =IF( IFERROR(IF(U55=0, 0, (U56 - U55) / U55), 0)=0," ",IFERROR(IF(U55=0, 0, (U56 - U55) / U55), 0)) | W56: =IF($S$4="", SUMIFS('무신사 메타 광고'!$K:$K, '무신사 메타 광고'!$C:$C, $R56),SUMIFS('무신사 메타 광고'!$K:$K,'무신사 메타 광고'!$I:$I,$S$4,'무신사 메타 광고'!$C:$C,$R56)) -> 0 | X56: =IF($S$4="", SUMIFS('무신사 메타 광고'!$N:$N, '무신사 메타 광고'!$C:$C, $R56),SUMIFS('무신사 메타 광고'!$N:$N,'무신사 메타 광고'!$I:$I,$S$4,'무신사 메타 광고'!$C:$C,$R56)) -> 0 | Y56: =IFERROR(X56/W56,0) -> 0 | Z56: =IF( IFERROR(IF(Y55=0, 0, (Y56 - Y55) / Y55), 0)=0," ",IFERROR(IF(Y55=0, 0, (Y56 - Y55) / Y55), 0)) | AB56: =IF($S$4="", SUMIFS('무신사 메타 광고'!$X:$X, '무신사 메타 광고'!$C:$C, $R56),SUMIFS('무신사 메타 광고'!$X:$X,'무신사 메타 광고'!$I:$I,$S$4,'무신사 메타 광고'!$C:$C,$R56)) -> 0 | AC56: =IFERROR( AB56/(AB56+T56),0 ) -> 0
A57: =MONTH(B57) -> 5 | B57: =IFERROR(__xludf.DUMMYFUNCTION("""COMPUTED_VALUE"""),46161) -> 46161 | C57: =IF($C$4="", SUMIFS('무신사 메타 광고'!$L:$L, '무신사 메타 광고'!$D:$D, $B57), SUMIFS('무신사 메타 광고'!$L:$L, '무신사 메타 광고'!$I:$I, $C$4, '무신사 메타 광고'!$D:$D, $B57)) -> 58328 | D57: =IF($C$4="", SUMIFS('무신사 메타 광고'!$V:$V, '무신사 메타 광고'!$D:$D, $B57), SUMIFS('무신사 메타 광고'!$V:$V,'무신사 메타 광고'!$I:$I,$C$4,'무신사 메타 광고'!$D:$D,$B57)) -> 482050 | E57: =IFERROR(D57/C57,0) -> 8.2644699 | F57: =IF( IFERROR(IF(E56=0, 0, (E57 - E56) / E56), 0)=0," ",IFERROR(IF(E56=0, 0, (E57 - E56) / E56), 0)) -> -0.45009165 | G57: =IF($C$4="", SUMIFS('무신사 메타 광고'!$K:$K, '무신사 메타 광고'!$D:$D, $B57), SUMIFS('무신사 메타 광고'!$K:$K,'무신사 메타 광고'!$I:$I,$C$4,'무신사 메타 광고'!D:D,$B57)) -> 15568 | H57: =IF($C$4="", SUMIFS('무신사 메타 광고'!$N:$N, '무신사 메타 광고'!$D:$D, $B57),SUMIFS('무신사 메타 광고'!$N:$N,'무신사 메타 광고'!$I:$I,$C$4,'무신사 메타 광고'!$D:$D,$B57)) -> 454 | I57: =IF($C$4="", SUMIFS('무신사 메타 광고'!$U:$U, '무신사 메타 광고'!$D:$D, $B57),SUMIFS('무신사 메타 광고'!$U:$U,'무신사 메타 광고'!$I:$I,$C$4,'무신사 메타 광고'!$D:$D,$B57)) -> 6 | J57: =IFERROR( I57/H57,0) -> 0.013215859 | K57: =IFERROR(H57/G57,0) -> 0.029162384 | L57: =IF( IFERROR(IF(K56=0, 0, (K57 - K56) / K56), 0)=0," ",IFERROR(IF(K56=0, 0, (K57 - K56) / K56), 0)) -> 0.13468733 | N57: =IF($C$4="", SUMIFS('무신사 메타 광고'!$X:$X, '무신사 메타 광고'!$D:$D, $B57),SUMIFS('무신사 메타 광고'!$X:$X,'무신사 메타 광고'!I:I,$C$4,'무신사 메타 광고'!D:D,$B57)) -> 13434500 | O57: =IFERROR( N57/(N57+D57),0 ) -> 0.96536139 | S57: =IF($S$4="", SUMIFS('무신사 메타 광고'!$L:$L, '무신사 메타 광고'!$C:$C, $R57),SUMIFS('무신사 메타 광고'!L:L,'무신사 메타 광고'!$I:$I,$S$4,'무신사 메타 광고'!$C:$C,$R57)) -> 0 | T57: =IF($S$4="", SUMIFS('무신사 메타 광고'!$V:$V, '무신사 메타 광고'!$C:$C, $R57),SUMIFS('무신사 메타 광고'!$V:$V,'무신사 메타 광고'!$I:$I,$S$4,'무신사 메타 광고'!$C:$C,$R57)) -> 0 | U57: =IFERROR(T57/S57,0) -> 0 | V57: =IF( IFERROR(IF(U56=0, 0, (U57 - U56) / U56), 0)=0," ",IFERROR(IF(U56=0, 0, (U57 - U56) / U56), 0)) | W57: =IF($S$4="", SUMIFS('무신사 메타 광고'!$K:$K, '무신사 메타 광고'!$C:$C, $R57),SUMIFS('무신사 메타 광고'!$K:$K,'무신사 메타 광고'!$I:$I,$S$4,'무신사 메타 광고'!$C:$C,$R57)) -> 0 | X57: =IF($S$4="", SUMIFS('무신사 메타 광고'!$N:$N, '무신사 메타 광고'!$C:$C, $R57),SUMIFS('무신사 메타 광고'!$N:$N,'무신사 메타 광고'!$I:$I,$S$4,'무신사 메타 광고'!$C:$C,$R57)) -> 0 | Y57: =IFERROR(X57/W57,0) -> 0 | Z57: =IF( IFERROR(IF(Y56=0, 0, (Y57 - Y56) / Y56), 0)=0," ",IFERROR(IF(Y56=0, 0, (Y57 - Y56) / Y56), 0)) | AB57: =IF($S$4="", SUMIFS('무신사 메타 광고'!$X:$X, '무신사 메타 광고'!$C:$C, $R57),SUMIFS('무신사 메타 광고'!$X:$X,'무신사 메타 광고'!$I:$I,$S$4,'무신사 메타 광고'!$C:$C,$R57)) -> 0 | AC57: =IFERROR( AB57/(AB57+T57),0 ) -> 0
A58: =MONTH(B58) -> 5 | B58: =IFERROR(__xludf.DUMMYFUNCTION("""COMPUTED_VALUE"""),46162) -> 46162 | C58: =IF($C$4="", SUMIFS('무신사 메타 광고'!$L:$L, '무신사 메타 광고'!$D:$D, $B58), SUMIFS('무신사 메타 광고'!$L:$L, '무신사 메타 광고'!$I:$I, $C$4, '무신사 메타 광고'!$D:$D, $B58)) -> 56525 | D58: =IF($C$4="", SUMIFS('무신사 메타 광고'!$V:$V, '무신사 메타 광고'!$D:$D, $B58), SUMIFS('무신사 메타 광고'!$V:$V,'무신사 메타 광고'!$I:$I,$C$4,'무신사 메타 광고'!$D:$D,$B58)) -> 563400 | E58: =IFERROR(D58/C58,0) -> 9.9672711 | F58: =IF( IFERROR(IF(E57=0, 0, (E58 - E57) / E57), 0)=0," ",IFERROR(IF(E57=0, 0, (E58 - E57) / E57), 0)) -> 0.20603877 | G58: =IF($C$4="", SUMIFS('무신사 메타 광고'!$K:$K, '무신사 메타 광고'!$D:$D, $B58), SUMIFS('무신사 메타 광고'!$K:$K,'무신사 메타 광고'!$I:$I,$C$4,'무신사 메타 광고'!D:D,$B58)) -> 15612 | H58: =IF($C$4="", SUMIFS('무신사 메타 광고'!$N:$N, '무신사 메타 광고'!$D:$D, $B58),SUMIFS('무신사 메타 광고'!$N:$N,'무신사 메타 광고'!$I:$I,$C$4,'무신사 메타 광고'!$D:$D,$B58)) -> 425 | I58: =IF($C$4="", SUMIFS('무신사 메타 광고'!$U:$U, '무신사 메타 광고'!$D:$D, $B58),SUMIFS('무신사 메타 광고'!$U:$U,'무신사 메타 광고'!$I:$I,$C$4,'무신사 메타 광고'!$D:$D,$B58)) -> 6 | J58: =IFERROR( I58/H58,0) -> 0.014117647 | K58: =IFERROR(H58/G58,0) -> 0.027222649 | L58: =IF( IFERROR(IF(K57=0, 0, (K58 - K57) / K57), 0)=0," ",IFERROR(IF(K57=0, 0, (K58 - K57) / K57), 0)) -> -0.06651497 | N58: =IF($C$4="", SUMIFS('무신사 메타 광고'!$X:$X, '무신사 메타 광고'!$D:$D, $B58),SUMIFS('무신사 메타 광고'!$X:$X,'무신사 메타 광고'!I:I,$C$4,'무신사 메타 광고'!D:D,$B58)) -> 11273900 | O58: =IFERROR( N58/(N58+D58),0 ) -> 0.95240469 | S58: =IF($S$4="", SUMIFS('무신사 메타 광고'!$L:$L, '무신사 메타 광고'!$C:$C, $R58),SUMIFS('무신사 메타 광고'!L:L,'무신사 메타 광고'!$I:$I,$S$4,'무신사 메타 광고'!$C:$C,$R58)) -> 0 | T58: =IF($S$4="", SUMIFS('무신사 메타 광고'!$V:$V, '무신사 메타 광고'!$C:$C, $R58),SUMIFS('무신사 메타 광고'!$V:$V,'무신사 메타 광고'!$I:$I,$S$4,'무신사 메타 광고'!$C:$C,$R58)) -> 0 | U58: =IFERROR(T58/S58,0) -> 0 | V58: =IF( IFERROR(IF(U57=0, 0, (U58 - U57) / U57), 0)=0," ",IFERROR(IF(U57=0, 0, (U58 - U57) / U57), 0)) | W58: =IF($S$4="", SUMIFS('무신사 메타 광고'!$K:$K, '무신사 메타 광고'!$C:$C, $R58),SUMIFS('무신사 메타 광고'!$K:$K,'무신사 메타 광고'!$I:$I,$S$4,'무신사 메타 광고'!$C:$C,$R58)) -> 0 | X58: =IF($S$4="", SUMIFS('무신사 메타 광고'!$N:$N, '무신사 메타 광고'!$C:$C, $R58),SUMIFS('무신사 메타 광고'!$N:$N,'무신사 메타 광고'!$I:$I,$S$4,'무신사 메타 광고'!$C:$C,$R58)) -> 0 | Y58: =IFERROR(X58/W58,0) -> 0 | Z58: =IF( IFERROR(IF(Y57=0, 0, (Y58 - Y57) / Y57), 0)=0," ",IFERROR(IF(Y57=0, 0, (Y58 - Y57) / Y57), 0)) | AB58: =IF($S$4="", SUMIFS('무신사 메타 광고'!$X:$X, '무신사 메타 광고'!$C:$C, $R58),SUMIFS('무신사 메타 광고'!$X:$X,'무신사 메타 광고'!$I:$I,$S$4,'무신사 메타 광고'!$C:$C,$R58)) -> 0 | AC58: =IFERROR( AB58/(AB58+T58),0 ) -> 0
A59: =MONTH(B59) -> 5 | B59: =IFERROR(__xludf.DUMMYFUNCTION("""COMPUTED_VALUE"""),46163) -> 46163 | C59: =IF($C$4="", SUMIFS('무신사 메타 광고'!$L:$L, '무신사 메타 광고'!$D:$D, $B59), SUMIFS('무신사 메타 광고'!$L:$L, '무신사 메타 광고'!$I:$I, $C$4, '무신사 메타 광고'!$D:$D, $B59)) -> 53649 | D59: =IF($C$4="", SUMIFS('무신사 메타 광고'!$V:$V, '무신사 메타 광고'!$D:$D, $B59), SUMIFS('무신사 메타 광고'!$V:$V,'무신사 메타 광고'!$I:$I,$C$4,'무신사 메타 광고'!$D:$D,$B59)) -> 1314150 | E59: =IFERROR(D59/C59,0) -> 24.495331 | F59: =IF( IFERROR(IF(E58=0, 0, (E59 - E58) / E58), 0)=0," ",IFERROR(IF(E58=0, 0, (E59 - E58) / E58), 0)) -> 1.4575764 | G59: =IF($C$4="", SUMIFS('무신사 메타 광고'!$K:$K, '무신사 메타 광고'!$D:$D, $B59), SUMIFS('무신사 메타 광고'!$K:$K,'무신사 메타 광고'!$I:$I,$C$4,'무신사 메타 광고'!D:D,$B59)) -> 16122 | H59: =IF($C$4="", SUMIFS('무신사 메타 광고'!$N:$N, '무신사 메타 광고'!$D:$D, $B59),SUMIFS('무신사 메타 광고'!$N:$N,'무신사 메타 광고'!$I:$I,$C$4,'무신사 메타 광고'!$D:$D,$B59)) -> 458 | I59: =IF($C$4="", SUMIFS('무신사 메타 광고'!$U:$U, '무신사 메타 광고'!$D:$D, $B59),SUMIFS('무신사 메타 광고'!$U:$U,'무신사 메타 광고'!$I:$I,$C$4,'무신사 메타 광고'!$D:$D,$B59)) -> 12 | J59: =IFERROR( I59/H59,0) -> 0.026200873 | K59: =IFERROR(H59/G59,0) -> 0.028408386 | L59: =IF( IFERROR(IF(K58=0, 0, (K59 - K58) / K58), 0)=0," ",IFERROR(IF(K58=0, 0, (K59 - K58) / K58), 0)) -> 0.043556996 | N59: =IF($C$4="", SUMIFS('무신사 메타 광고'!$X:$X, '무신사 메타 광고'!$D:$D, $B59),SUMIFS('무신사 메타 광고'!$X:$X,'무신사 메타 광고'!I:I,$C$4,'무신사 메타 광고'!D:D,$B59)) -> 13802250 | O59: =IFERROR( N59/(N59+D59),0 ) -> 0.91306462 | S59: =IF($S$4="", SUMIFS('무신사 메타 광고'!$L:$L, '무신사 메타 광고'!$C:$C, $R59),SUMIFS('무신사 메타 광고'!L:L,'무신사 메타 광고'!$I:$I,$S$4,'무신사 메타 광고'!$C:$C,$R59)) -> 0 | T59: =IF($S$4="", SUMIFS('무신사 메타 광고'!$V:$V, '무신사 메타 광고'!$C:$C, $R59),SUMIFS('무신사 메타 광고'!$V:$V,'무신사 메타 광고'!$I:$I,$S$4,'무신사 메타 광고'!$C:$C,$R59)) -> 0 | U59: =IFERROR(T59/S59,0) -> 0 | V59: =IF( IFERROR(IF(U58=0, 0, (U59 - U58) / U58), 0)=0," ",IFERROR(IF(U58=0, 0, (U59 - U58) / U58), 0)) | W59: =IF($S$4="", SUMIFS('무신사 메타 광고'!$K:$K, '무신사 메타 광고'!$C:$C, $R59),SUMIFS('무신사 메타 광고'!$K:$K,'무신사 메타 광고'!$I:$I,$S$4,'무신사 메타 광고'!$C:$C,$R59)) -> 0 | X59: =IF($S$4="", SUMIFS('무신사 메타 광고'!$N:$N, '무신사 메타 광고'!$C:$C, $R59),SUMIFS('무신사 메타 광고'!$N:$N,'무신사 메타 광고'!$I:$I,$S$4,'무신사 메타 광고'!$C:$C,$R59)) -> 0 | Y59: =IFERROR(X59/W59,0) -> 0 | Z59: =IF( IFERROR(IF(Y58=0, 0, (Y59 - Y58) / Y58), 0)=0," ",IFERROR(IF(Y58=0, 0, (Y59 - Y58) / Y58), 0)) | AB59: =IF($S$4="", SUMIFS('무신사 메타 광고'!$X:$X, '무신사 메타 광고'!$C:$C, $R59),SUMIFS('무신사 메타 광고'!$X:$X,'무신사 메타 광고'!$I:$I,$S$4,'무신사 메타 광고'!$C:$C,$R59)) -> 0 | AC59: =IFERROR( AB59/(AB59+T59),0 ) -> 0
A60: =MONTH(B60) -> 5 | B60: =IFERROR(__xludf.DUMMYFUNCTION("""COMPUTED_VALUE"""),46164) -> 46164 | C60: =IF($C$4="", SUMIFS('무신사 메타 광고'!$L:$L, '무신사 메타 광고'!$D:$D, $B60), SUMIFS('무신사 메타 광고'!$L:$L, '무신사 메타 광고'!$I:$I, $C$4, '무신사 메타 광고'!$D:$D, $B60)) -> 51863 | D60: =IF($C$4="", SUMIFS('무신사 메타 광고'!$V:$V, '무신사 메타 광고'!$D:$D, $B60), SUMIFS('무신사 메타 광고'!$V:$V,'무신사 메타 광고'!$I:$I,$C$4,'무신사 메타 광고'!$D:$D,$B60)) -> 474250 | E60: =IFERROR(D60/C60,0) -> 9.144284 | F60: =IF( IFERROR(IF(E59=0, 0, (E60 - E59) / E59), 0)=0," ",IFERROR(IF(E59=0, 0, (E60 - E59) / E59), 0)) -> -0.62669277 | G60: =IF($C$4="", SUMIFS('무신사 메타 광고'!$K:$K, '무신사 메타 광고'!$D:$D, $B60), SUMIFS('무신사 메타 광고'!$K:$K,'무신사 메타 광고'!$I:$I,$C$4,'무신사 메타 광고'!D:D,$B60)) -> 14817 | H60: =IF($C$4="", SUMIFS('무신사 메타 광고'!$N:$N, '무신사 메타 광고'!$D:$D, $B60),SUMIFS('무신사 메타 광고'!$N:$N,'무신사 메타 광고'!$I:$I,$C$4,'무신사 메타 광고'!$D:$D,$B60)) -> 389 | I60: =IF($C$4="", SUMIFS('무신사 메타 광고'!$U:$U, '무신사 메타 광고'!$D:$D, $B60),SUMIFS('무신사 메타 광고'!$U:$U,'무신사 메타 광고'!$I:$I,$C$4,'무신사 메타 광고'!$D:$D,$B60)) -> 4 | J60: =IFERROR( I60/H60,0) -> 0.010282776 | K60: =IFERROR(H60/G60,0) -> 0.026253628 | L60: =IF( IFERROR(IF(K59=0, 0, (K60 - K59) / K59), 0)=0," ",IFERROR(IF(K59=0, 0, (K60 - K59) / K59), 0)) -> -0.07584938 | N60: =IF($C$4="", SUMIFS('무신사 메타 광고'!$X:$X, '무신사 메타 광고'!$D:$D, $B60),SUMIFS('무신사 메타 광고'!$X:$X,'무신사 메타 광고'!I:I,$C$4,'무신사 메타 광고'!D:D,$B60)) -> 6763150 | O60: =IFERROR( N60/(N60+D60),0 ) -> 0.93447232 | S60: =IF($S$4="", SUMIFS('무신사 메타 광고'!$L:$L, '무신사 메타 광고'!$C:$C, $R60),SUMIFS('무신사 메타 광고'!L:L,'무신사 메타 광고'!$I:$I,$S$4,'무신사 메타 광고'!$C:$C,$R60)) -> 0 | T60: =IF($S$4="", SUMIFS('무신사 메타 광고'!$V:$V, '무신사 메타 광고'!$C:$C, $R60),SUMIFS('무신사 메타 광고'!$V:$V,'무신사 메타 광고'!$I:$I,$S$4,'무신사 메타 광고'!$C:$C,$R60)) -> 0 | U60: =IFERROR(T60/S60,0) -> 0 | V60: =IF( IFERROR(IF(U59=0, 0, (U60 - U59) / U59), 0)=0," ",IFERROR(IF(U59=0, 0, (U60 - U59) / U59), 0)) | W60: =IF($S$4="", SUMIFS('무신사 메타 광고'!$K:$K, '무신사 메타 광고'!$C:$C, $R60),SUMIFS('무신사 메타 광고'!$K:$K,'무신사 메타 광고'!$I:$I,$S$4,'무신사 메타 광고'!$C:$C,$R60)) -> 0 | X60: =IF($S$4="", SUMIFS('무신사 메타 광고'!$N:$N, '무신사 메타 광고'!$C:$C, $R60),SUMIFS('무신사 메타 광고'!$N:$N,'무신사 메타 광고'!$I:$I,$S$4,'무신사 메타 광고'!$C:$C,$R60)) -> 0 | Y60: =IFERROR(X60/W60,0) -> 0 | Z60: =IF( IFERROR(IF(Y59=0, 0, (Y60 - Y59) / Y59), 0)=0," ",IFERROR(IF(Y59=0, 0, (Y60 - Y59) / Y59), 0)) | AB60: =IF($S$4="", SUMIFS('무신사 메타 광고'!$X:$X, '무신사 메타 광고'!$C:$C, $R60),SUMIFS('무신사 메타 광고'!$X:$X,'무신사 메타 광고'!$I:$I,$S$4,'무신사 메타 광고'!$C:$C,$R60)) -> 0 | AC60: =IFERROR( AB60/(AB60+T60),0 ) -> 0
A61: =MONTH(B61) -> 5 | B61: =IFERROR(__xludf.DUMMYFUNCTION("""COMPUTED_VALUE"""),46165) -> 46165 | C61: =IF($C$4="", SUMIFS('무신사 메타 광고'!$L:$L, '무신사 메타 광고'!$D:$D, $B61), SUMIFS('무신사 메타 광고'!$L:$L, '무신사 메타 광고'!$I:$I, $C$4, '무신사 메타 광고'!$D:$D, $B61)) -> 55785 | D61: =IF($C$4="", SUMIFS('무신사 메타 광고'!$V:$V, '무신사 메타 광고'!$D:$D, $B61), SUMIFS('무신사 메타 광고'!$V:$V,'무신사 메타 광고'!$I:$I,$C$4,'무신사 메타 광고'!$D:$D,$B61)) -> 466200 | E61: =IFERROR(D61/C61,0) -> 8.3570852 | F61: =IF( IFERROR(IF(E60=0, 0, (E61 - E60) / E60), 0)=0," ",IFERROR(IF(E60=0, 0, (E61 - E60) / E60), 0)) -> -0.086086428 | G61: =IF($C$4="", SUMIFS('무신사 메타 광고'!$K:$K, '무신사 메타 광고'!$D:$D, $B61), SUMIFS('무신사 메타 광고'!$K:$K,'무신사 메타 광고'!$I:$I,$C$4,'무신사 메타 광고'!D:D,$B61)) -> 15625 | H61: =IF($C$4="", SUMIFS('무신사 메타 광고'!$N:$N, '무신사 메타 광고'!$D:$D, $B61),SUMIFS('무신사 메타 광고'!$N:$N,'무신사 메타 광고'!$I:$I,$C$4,'무신사 메타 광고'!$D:$D,$B61)) -> 383 | I61: =IF($C$4="", SUMIFS('무신사 메타 광고'!$U:$U, '무신사 메타 광고'!$D:$D, $B61),SUMIFS('무신사 메타 광고'!$U:$U,'무신사 메타 광고'!$I:$I,$C$4,'무신사 메타 광고'!$D:$D,$B61)) -> 6 | J61: =IFERROR( I61/H61,0) -> 0.015665796 | K61: =IFERROR(H61/G61,0) -> 0.024512 | L61: =IF( IFERROR(IF(K60=0, 0, (K61 - K60) / K60), 0)=0," ",IFERROR(IF(K60=0, 0, (K61 - K60) / K60), 0)) -> -0.06633855 | N61: =IF($C$4="", SUMIFS('무신사 메타 광고'!$X:$X, '무신사 메타 광고'!$D:$D, $B61),SUMIFS('무신사 메타 광고'!$X:$X,'무신사 메타 광고'!I:I,$C$4,'무신사 메타 광고'!D:D,$B61)) -> 7216000 | O61: =IFERROR( N61/(N61+D61),0 ) -> 0.93931426 | S61: =IF($S$4="", SUMIFS('무신사 메타 광고'!$L:$L, '무신사 메타 광고'!$C:$C, $R61),SUMIFS('무신사 메타 광고'!L:L,'무신사 메타 광고'!$I:$I,$S$4,'무신사 메타 광고'!$C:$C,$R61)) -> 0 | T61: =IF($S$4="", SUMIFS('무신사 메타 광고'!$V:$V, '무신사 메타 광고'!$C:$C, $R61),SUMIFS('무신사 메타 광고'!$V:$V,'무신사 메타 광고'!$I:$I,$S$4,'무신사 메타 광고'!$C:$C,$R61)) -> 0 | U61: =IFERROR(T61/S61,0) -> 0 | V61: =IF( IFERROR(IF(U60=0, 0, (U61 - U60) / U60), 0)=0," ",IFERROR(IF(U60=0, 0, (U61 - U60) / U60), 0)) | W61: =IF($S$4="", SUMIFS('무신사 메타 광고'!$K:$K, '무신사 메타 광고'!$C:$C, $R61),SUMIFS('무신사 메타 광고'!$K:$K,'무신사 메타 광고'!$I:$I,$S$4,'무신사 메타 광고'!$C:$C,$R61)) -> 0 | X61: =IF($S$4="", SUMIFS('무신사 메타 광고'!$N:$N, '무신사 메타 광고'!$C:$C, $R61),SUMIFS('무신사 메타 광고'!$N:$N,'무신사 메타 광고'!$I:$I,$S$4,'무신사 메타 광고'!$C:$C,$R61)) -> 0 | Y61: =IFERROR(X61/W61,0) -> 0 | Z61: =IF( IFERROR(IF(Y60=0, 0, (Y61 - Y60) / Y60), 0)=0," ",IFERROR(IF(Y60=0, 0, (Y61 - Y60) / Y60), 0)) | AB61: =IF($S$4="", SUMIFS('무신사 메타 광고'!$X:$X, '무신사 메타 광고'!$C:$C, $R61),SUMIFS('무신사 메타 광고'!$X:$X,'무신사 메타 광고'!$I:$I,$S$4,'무신사 메타 광고'!$C:$C,$R61)) -> 0 | AC61: =IFERROR( AB61/(AB61+T61),0 ) -> 0
A62: =MONTH(B62) -> 5 | B62: =IFERROR(__xludf.DUMMYFUNCTION("""COMPUTED_VALUE"""),46166) -> 46166 | C62: =IF($C$4="", SUMIFS('무신사 메타 광고'!$L:$L, '무신사 메타 광고'!$D:$D, $B62), SUMIFS('무신사 메타 광고'!$L:$L, '무신사 메타 광고'!$I:$I, $C$4, '무신사 메타 광고'!$D:$D, $B62)) -> 67568 | D62: =IF($C$4="", SUMIFS('무신사 메타 광고'!$V:$V, '무신사 메타 광고'!$D:$D, $B62), SUMIFS('무신사 메타 광고'!$V:$V,'무신사 메타 광고'!$I:$I,$C$4,'무신사 메타 광고'!$D:$D,$B62)) -> 410000 | E62: =IFERROR(D62/C62,0) -> 6.0679612 | F62: =IF( IFERROR(IF(E61=0, 0, (E62 - E61) / E61), 0)=0," ",IFERROR(IF(E61=0, 0, (E62 - E61) / E61), 0)) -> -0.27391417 | G62: =IF($C$4="", SUMIFS('무신사 메타 광고'!$K:$K, '무신사 메타 광고'!$D:$D, $B62), SUMIFS('무신사 메타 광고'!$K:$K,'무신사 메타 광고'!$I:$I,$C$4,'무신사 메타 광고'!D:D,$B62)) -> 19124 | H62: =IF($C$4="", SUMIFS('무신사 메타 광고'!$N:$N, '무신사 메타 광고'!$D:$D, $B62),SUMIFS('무신사 메타 광고'!$N:$N,'무신사 메타 광고'!$I:$I,$C$4,'무신사 메타 광고'!$D:$D,$B62)) -> 497 | I62: =IF($C$4="", SUMIFS('무신사 메타 광고'!$U:$U, '무신사 메타 광고'!$D:$D, $B62),SUMIFS('무신사 메타 광고'!$U:$U,'무신사 메타 광고'!$I:$I,$C$4,'무신사 메타 광고'!$D:$D,$B62)) -> 6 | J62: =IFERROR( I62/H62,0) -> 0.012072435 | K62: =IFERROR(H62/G62,0) -> 0.025988287 | L62: =IF( IFERROR(IF(K61=0, 0, (K62 - K61) / K61), 0)=0," ",IFERROR(IF(K61=0, 0, (K62 - K61) / K61), 0)) -> 0.060227112 | N62: =IF($C$4="", SUMIFS('무신사 메타 광고'!$X:$X, '무신사 메타 광고'!$D:$D, $B62),SUMIFS('무신사 메타 광고'!$X:$X,'무신사 메타 광고'!I:I,$C$4,'무신사 메타 광고'!D:D,$B62)) -> 12974350 | O62: =IFERROR( N62/(N62+D62),0 ) -> 0.96936721 | S62: =IF($S$4="", SUMIFS('무신사 메타 광고'!$L:$L, '무신사 메타 광고'!$C:$C, $R62),SUMIFS('무신사 메타 광고'!L:L,'무신사 메타 광고'!$I:$I,$S$4,'무신사 메타 광고'!$C:$C,$R62)) -> 0 | T62: =IF($S$4="", SUMIFS('무신사 메타 광고'!$V:$V, '무신사 메타 광고'!$C:$C, $R62),SUMIFS('무신사 메타 광고'!$V:$V,'무신사 메타 광고'!$I:$I,$S$4,'무신사 메타 광고'!$C:$C,$R62)) -> 0 | U62: =IFERROR(T62/S62,0) -> 0 | V62: =IF( IFERROR(IF(U61=0, 0, (U62 - U61) / U61), 0)=0," ",IFERROR(IF(U61=0, 0, (U62 - U61) / U61), 0)) | W62: =IF($S$4="", SUMIFS('무신사 메타 광고'!$K:$K, '무신사 메타 광고'!$C:$C, $R62),SUMIFS('무신사 메타 광고'!$K:$K,'무신사 메타 광고'!$I:$I,$S$4,'무신사 메타 광고'!$C:$C,$R62)) -> 0 | X62: =IF($S$4="", SUMIFS('무신사 메타 광고'!$N:$N, '무신사 메타 광고'!$C:$C, $R62),SUMIFS('무신사 메타 광고'!$N:$N,'무신사 메타 광고'!$I:$I,$S$4,'무신사 메타 광고'!$C:$C,$R62)) -> 0 | Y62: =IFERROR(X62/W62,0) -> 0 | Z62: =IF( IFERROR(IF(Y61=0, 0, (Y62 - Y61) / Y61), 0)=0," ",IFERROR(IF(Y61=0, 0, (Y62 - Y61) / Y61), 0)) | AB62: =IF($S$4="", SUMIFS('무신사 메타 광고'!$X:$X, '무신사 메타 광고'!$C:$C, $R62),SUMIFS('무신사 메타 광고'!$X:$X,'무신사 메타 광고'!$I:$I,$S$4,'무신사 메타 광고'!$C:$C,$R62)) -> 0 | AC62: =IFERROR( AB62/(AB62+T62),0 ) -> 0
A63: =MONTH(B63) -> 5 | B63: =IFERROR(__xludf.DUMMYFUNCTION("""COMPUTED_VALUE"""),46167) -> 46167 | C63: =IF($C$4="", SUMIFS('무신사 메타 광고'!$L:$L, '무신사 메타 광고'!$D:$D, $B63), SUMIFS('무신사 메타 광고'!$L:$L, '무신사 메타 광고'!$I:$I, $C$4, '무신사 메타 광고'!$D:$D, $B63)) -> 60546 | D63: =IF($C$4="", SUMIFS('무신사 메타 광고'!$V:$V, '무신사 메타 광고'!$D:$D, $B63), SUMIFS('무신사 메타 광고'!$V:$V,'무신사 메타 광고'!$I:$I,$C$4,'무신사 메타 광고'!$D:$D,$B63)) -> 1382450 | E63: =IFERROR(D63/C63,0) -> 22.833053 | F63: =IF( IFERROR(IF(E62=0, 0, (E63 - E62) / E62), 0)=0," ",IFERROR(IF(E62=0, 0, (E63 - E62) / E62), 0)) -> 2.7628871 | G63: =IF($C$4="", SUMIFS('무신사 메타 광고'!$K:$K, '무신사 메타 광고'!$D:$D, $B63), SUMIFS('무신사 메타 광고'!$K:$K,'무신사 메타 광고'!$I:$I,$C$4,'무신사 메타 광고'!D:D,$B63)) -> 18372 | H63: =IF($C$4="", SUMIFS('무신사 메타 광고'!$N:$N, '무신사 메타 광고'!$D:$D, $B63),SUMIFS('무신사 메타 광고'!$N:$N,'무신사 메타 광고'!$I:$I,$C$4,'무신사 메타 광고'!$D:$D,$B63)) -> 453 | I63: =IF($C$4="", SUMIFS('무신사 메타 광고'!$U:$U, '무신사 메타 광고'!$D:$D, $B63),SUMIFS('무신사 메타 광고'!$U:$U,'무신사 메타 광고'!$I:$I,$C$4,'무신사 메타 광고'!$D:$D,$B63)) -> 18 | J63: =IFERROR( I63/H63,0) -> 0.039735099 | K63: =IFERROR(H63/G63,0) -> 0.024657087 | L63: =IF( IFERROR(IF(K62=0, 0, (K63 - K62) / K62), 0)=0," ",IFERROR(IF(K62=0, 0, (K63 - K62) / K62), 0)) -> -0.05122308 | N63: =IF($C$4="", SUMIFS('무신사 메타 광고'!$X:$X, '무신사 메타 광고'!$D:$D, $B63),SUMIFS('무신사 메타 광고'!$X:$X,'무신사 메타 광고'!I:I,$C$4,'무신사 메타 광고'!D:D,$B63)) -> 6351050 | O63: =IFERROR( N63/(N63+D63),0 ) -> 0.82123877 | S63: =IF($S$4="", SUMIFS('무신사 메타 광고'!$L:$L, '무신사 메타 광고'!$C:$C, $R63),SUMIFS('무신사 메타 광고'!L:L,'무신사 메타 광고'!$I:$I,$S$4,'무신사 메타 광고'!$C:$C,$R63)) -> 0 | T63: =IF($S$4="", SUMIFS('무신사 메타 광고'!$V:$V, '무신사 메타 광고'!$C:$C, $R63),SUMIFS('무신사 메타 광고'!$V:$V,'무신사 메타 광고'!$I:$I,$S$4,'무신사 메타 광고'!$C:$C,$R63)) -> 0 | U63: =IFERROR(T63/S63,0) -> 0 | V63: =IF( IFERROR(IF(U62=0, 0, (U63 - U62) / U62), 0)=0," ",IFERROR(IF(U62=0, 0, (U63 - U62) / U62), 0)) | W63: =IF($S$4="", SUMIFS('무신사 메타 광고'!$K:$K, '무신사 메타 광고'!$C:$C, $R63),SUMIFS('무신사 메타 광고'!$K:$K,'무신사 메타 광고'!$I:$I,$S$4,'무신사 메타 광고'!$C:$C,$R63)) -> 0 | X63: =IF($S$4="", SUMIFS('무신사 메타 광고'!$N:$N, '무신사 메타 광고'!$C:$C, $R63),SUMIFS('무신사 메타 광고'!$N:$N,'무신사 메타 광고'!$I:$I,$S$4,'무신사 메타 광고'!$C:$C,$R63)) -> 0 | Y63: =IFERROR(X63/W63,0) -> 0 | Z63: =IF( IFERROR(IF(Y62=0, 0, (Y63 - Y62) / Y62), 0)=0," ",IFERROR(IF(Y62=0, 0, (Y63 - Y62) / Y62), 0)) | AB63: =IF($S$4="", SUMIFS('무신사 메타 광고'!$X:$X, '무신사 메타 광고'!$C:$C, $R63),SUMIFS('무신사 메타 광고'!$X:$X,'무신사 메타 광고'!$I:$I,$S$4,'무신사 메타 광고'!$C:$C,$R63)) -> 0 | AC63: =IFERROR( AB63/(AB63+T63),0 ) -> 0
A64: =MONTH(B64) -> 5 | B64: =IFERROR(__xludf.DUMMYFUNCTION("""COMPUTED_VALUE"""),46168) -> 46168 | C64: =IF($C$4="", SUMIFS('무신사 메타 광고'!$L:$L, '무신사 메타 광고'!$D:$D, $B64), SUMIFS('무신사 메타 광고'!$L:$L, '무신사 메타 광고'!$I:$I, $C$4, '무신사 메타 광고'!$D:$D, $B64)) -> 58344 | D64: =IF($C$4="", SUMIFS('무신사 메타 광고'!$V:$V, '무신사 메타 광고'!$D:$D, $B64), SUMIFS('무신사 메타 광고'!$V:$V,'무신사 메타 광고'!$I:$I,$C$4,'무신사 메타 광고'!$D:$D,$B64)) -> 990900 | E64: =IFERROR(D64/C64,0) -> 16.983752 | F64: =IF( IFERROR(IF(E63=0, 0, (E64 - E63) / E63), 0)=0," ",IFERROR(IF(E63=0, 0, (E64 - E63) / E63), 0)) -> -0.25617692 | G64: =IF($C$4="", SUMIFS('무신사 메타 광고'!$K:$K, '무신사 메타 광고'!$D:$D, $B64), SUMIFS('무신사 메타 광고'!$K:$K,'무신사 메타 광고'!$I:$I,$C$4,'무신사 메타 광고'!D:D,$B64)) -> 17429 | H64: =IF($C$4="", SUMIFS('무신사 메타 광고'!$N:$N, '무신사 메타 광고'!$D:$D, $B64),SUMIFS('무신사 메타 광고'!$N:$N,'무신사 메타 광고'!$I:$I,$C$4,'무신사 메타 광고'!$D:$D,$B64)) -> 454 | I64: =IF($C$4="", SUMIFS('무신사 메타 광고'!$U:$U, '무신사 메타 광고'!$D:$D, $B64),SUMIFS('무신사 메타 광고'!$U:$U,'무신사 메타 광고'!$I:$I,$C$4,'무신사 메타 광고'!$D:$D,$B64)) -> 11 | J64: =IFERROR( I64/H64,0) -> 0.024229075 | K64: =IFERROR(H64/G64,0) -> 0.02604854 | L64: =IF( IFERROR(IF(K63=0, 0, (K64 - K63) / K63), 0)=0," ",IFERROR(IF(K63=0, 0, (K64 - K63) / K63), 0)) -> 0.05643217 | N64: =IF($C$4="", SUMIFS('무신사 메타 광고'!$X:$X, '무신사 메타 광고'!$D:$D, $B64),SUMIFS('무신사 메타 광고'!$X:$X,'무신사 메타 광고'!I:I,$C$4,'무신사 메타 광고'!D:D,$B64)) -> 12461100 | O64: =IFERROR( N64/(N64+D64),0 ) -> 0.92633809 | S64: =IF($S$4="", SUMIFS('무신사 메타 광고'!$L:$L, '무신사 메타 광고'!$C:$C, $R64),SUMIFS('무신사 메타 광고'!L:L,'무신사 메타 광고'!$I:$I,$S$4,'무신사 메타 광고'!$C:$C,$R64)) -> 0 | T64: =IF($S$4="", SUMIFS('무신사 메타 광고'!$V:$V, '무신사 메타 광고'!$C:$C, $R64),SUMIFS('무신사 메타 광고'!$V:$V,'무신사 메타 광고'!$I:$I,$S$4,'무신사 메타 광고'!$C:$C,$R64)) -> 0 | U64: =IFERROR(T64/S64,0) -> 0 | V64: =IF( IFERROR(IF(U63=0, 0, (U64 - U63) / U63), 0)=0," ",IFERROR(IF(U63=0, 0, (U64 - U63) / U63), 0)) | W64: =IF($S$4="", SUMIFS('무신사 메타 광고'!$K:$K, '무신사 메타 광고'!$C:$C, $R64),SUMIFS('무신사 메타 광고'!$K:$K,'무신사 메타 광고'!$I:$I,$S$4,'무신사 메타 광고'!$C:$C,$R64)) -> 0 | X64: =IF($S$4="", SUMIFS('무신사 메타 광고'!$N:$N, '무신사 메타 광고'!$C:$C, $R64),SUMIFS('무신사 메타 광고'!$N:$N,'무신사 메타 광고'!$I:$I,$S$4,'무신사 메타 광고'!$C:$C,$R64)) -> 0 | Y64: =IFERROR(X64/W64,0) -> 0 | Z64: =IF( IFERROR(IF(Y63=0, 0, (Y64 - Y63) / Y63), 0)=0," ",IFERROR(IF(Y63=0, 0, (Y64 - Y63) / Y63), 0)) | AB64: =IF($S$4="", SUMIFS('무신사 메타 광고'!$X:$X, '무신사 메타 광고'!$C:$C, $R64),SUMIFS('무신사 메타 광고'!$X:$X,'무신사 메타 광고'!$I:$I,$S$4,'무신사 메타 광고'!$C:$C,$R64)) -> 0 | AC64: =IFERROR( AB64/(AB64+T64),0 ) -> 0
A65: =MONTH(B65) -> 5 | B65: =IFERROR(__xludf.DUMMYFUNCTION("""COMPUTED_VALUE"""),46169) -> 46169 | C65: =IF($C$4="", SUMIFS('무신사 메타 광고'!$L:$L, '무신사 메타 광고'!$D:$D, $B65), SUMIFS('무신사 메타 광고'!$L:$L, '무신사 메타 광고'!$I:$I, $C$4, '무신사 메타 광고'!$D:$D, $B65)) -> 57875 | D65: =IF($C$4="", SUMIFS('무신사 메타 광고'!$V:$V, '무신사 메타 광고'!$D:$D, $B65), SUMIFS('무신사 메타 광고'!$V:$V,'무신사 메타 광고'!$I:$I,$C$4,'무신사 메타 광고'!$D:$D,$B65)) -> 1052550 | E65: =IFERROR(D65/C65,0) -> 18.186609 | F65: =IF( IFERROR(IF(E64=0, 0, (E65 - E64) / E64), 0)=0," ",IFERROR(IF(E64=0, 0, (E65 - E64) / E64), 0)) -> 0.070824018 | G65: =IF($C$4="", SUMIFS('무신사 메타 광고'!$K:$K, '무신사 메타 광고'!$D:$D, $B65), SUMIFS('무신사 메타 광고'!$K:$K,'무신사 메타 광고'!$I:$I,$C$4,'무신사 메타 광고'!D:D,$B65)) -> 16232 | H65: =IF($C$4="", SUMIFS('무신사 메타 광고'!$N:$N, '무신사 메타 광고'!$D:$D, $B65),SUMIFS('무신사 메타 광고'!$N:$N,'무신사 메타 광고'!$I:$I,$C$4,'무신사 메타 광고'!$D:$D,$B65)) -> 421 | I65: =IF($C$4="", SUMIFS('무신사 메타 광고'!$U:$U, '무신사 메타 광고'!$D:$D, $B65),SUMIFS('무신사 메타 광고'!$U:$U,'무신사 메타 광고'!$I:$I,$C$4,'무신사 메타 광고'!$D:$D,$B65)) -> 11 | J65: =IFERROR( I65/H65,0) -> 0.026128266 | K65: =IFERROR(H65/G65,0) -> 0.025936422 | L65: =IF( IFERROR(IF(K64=0, 0, (K65 - K64) / K64), 0)=0," ",IFERROR(IF(K64=0, 0, (K65 - K64) / K64), 0)) -> -0.0043041916 | N65: =IF($C$4="", SUMIFS('무신사 메타 광고'!$X:$X, '무신사 메타 광고'!$D:$D, $B65),SUMIFS('무신사 메타 광고'!$X:$X,'무신사 메타 광고'!I:I,$C$4,'무신사 메타 광고'!D:D,$B65)) -> 7718550 | O65: =IFERROR( N65/(N65+D65),0 ) -> 0.87999795 | S65: =IF($S$4="", SUMIFS('무신사 메타 광고'!$L:$L, '무신사 메타 광고'!$C:$C, $R65),SUMIFS('무신사 메타 광고'!L:L,'무신사 메타 광고'!$I:$I,$S$4,'무신사 메타 광고'!$C:$C,$R65)) -> 0 | T65: =IF($S$4="", SUMIFS('무신사 메타 광고'!$V:$V, '무신사 메타 광고'!$C:$C, $R65),SUMIFS('무신사 메타 광고'!$V:$V,'무신사 메타 광고'!$I:$I,$S$4,'무신사 메타 광고'!$C:$C,$R65)) -> 0 | U65: =IFERROR(T65/S65,0) -> 0 | V65: =IF( IFERROR(IF(U64=0, 0, (U65 - U64) / U64), 0)=0," ",IFERROR(IF(U64=0, 0, (U65 - U64) / U64), 0)) | W65: =IF($S$4="", SUMIFS('무신사 메타 광고'!$K:$K, '무신사 메타 광고'!$C:$C, $R65),SUMIFS('무신사 메타 광고'!$K:$K,'무신사 메타 광고'!$I:$I,$S$4,'무신사 메타 광고'!$C:$C,$R65)) -> 0 | X65: =IF($S$4="", SUMIFS('무신사 메타 광고'!$N:$N, '무신사 메타 광고'!$C:$C, $R65),SUMIFS('무신사 메타 광고'!$N:$N,'무신사 메타 광고'!$I:$I,$S$4,'무신사 메타 광고'!$C:$C,$R65)) -> 0 | Y65: =IFERROR(X65/W65,0) -> 0 | Z65: =IF( IFERROR(IF(Y64=0, 0, (Y65 - Y64) / Y64), 0)=0," ",IFERROR(IF(Y64=0, 0, (Y65 - Y64) / Y64), 0)) | AB65: =IF($S$4="", SUMIFS('무신사 메타 광고'!$X:$X, '무신사 메타 광고'!$C:$C, $R65),SUMIFS('무신사 메타 광고'!$X:$X,'무신사 메타 광고'!$I:$I,$S$4,'무신사 메타 광고'!$C:$C,$R65)) -> 0 | AC65: =IFERROR( AB65/(AB65+T65),0 ) -> 0
A66: =MONTH(B66) -> 5 | B66: =IFERROR(__xludf.DUMMYFUNCTION("""COMPUTED_VALUE"""),46170) -> 46170 | C66: =IF($C$4="", SUMIFS('무신사 메타 광고'!$L:$L, '무신사 메타 광고'!$D:$D, $B66), SUMIFS('무신사 메타 광고'!$L:$L, '무신사 메타 광고'!$I:$I, $C$4, '무신사 메타 광고'!$D:$D, $B66)) -> 57790 | D66: =IF($C$4="", SUMIFS('무신사 메타 광고'!$V:$V, '무신사 메타 광고'!$D:$D, $B66), SUMIFS('무신사 메타 광고'!$V:$V,'무신사 메타 광고'!$I:$I,$C$4,'무신사 메타 광고'!$D:$D,$B66)) -> 699550 | E66: =IFERROR(D66/C66,0) -> 12.105035 | F66: =IF( IFERROR(IF(E65=0, 0, (E66 - E65) / E65), 0)=0," ",IFERROR(IF(E65=0, 0, (E66 - E65) / E65), 0)) -> -0.33439843 | G66: =IF($C$4="", SUMIFS('무신사 메타 광고'!$K:$K, '무신사 메타 광고'!$D:$D, $B66), SUMIFS('무신사 메타 광고'!$K:$K,'무신사 메타 광고'!$I:$I,$C$4,'무신사 메타 광고'!D:D,$B66)) -> 16228 | H66: =IF($C$4="", SUMIFS('무신사 메타 광고'!$N:$N, '무신사 메타 광고'!$D:$D, $B66),SUMIFS('무신사 메타 광고'!$N:$N,'무신사 메타 광고'!$I:$I,$C$4,'무신사 메타 광고'!$D:$D,$B66)) -> 418 | I66: =IF($C$4="", SUMIFS('무신사 메타 광고'!$U:$U, '무신사 메타 광고'!$D:$D, $B66),SUMIFS('무신사 메타 광고'!$U:$U,'무신사 메타 광고'!$I:$I,$C$4,'무신사 메타 광고'!$D:$D,$B66)) -> 8 | J66: =IFERROR( I66/H66,0) -> 0.019138756 | K66: =IFERROR(H66/G66,0) -> 0.025757949 | L66: =IF( IFERROR(IF(K65=0, 0, (K66 - K65) / K65), 0)=0," ",IFERROR(IF(K65=0, 0, (K66 - K65) / K65), 0)) -> -0.0068811596 | N66: =IF($C$4="", SUMIFS('무신사 메타 광고'!$X:$X, '무신사 메타 광고'!$D:$D, $B66),SUMIFS('무신사 메타 광고'!$X:$X,'무신사 메타 광고'!I:I,$C$4,'무신사 메타 광고'!D:D,$B66)) -> 6548150 | O66: =IFERROR( N66/(N66+D66),0 ) -> 0.90347972 | S66: =IF($S$4="", SUMIFS('무신사 메타 광고'!$L:$L, '무신사 메타 광고'!$C:$C, $R66),SUMIFS('무신사 메타 광고'!L:L,'무신사 메타 광고'!$I:$I,$S$4,'무신사 메타 광고'!$C:$C,$R66)) -> 0 | T66: =IF($S$4="", SUMIFS('무신사 메타 광고'!$V:$V, '무신사 메타 광고'!$C:$C, $R66),SUMIFS('무신사 메타 광고'!$V:$V,'무신사 메타 광고'!$I:$I,$S$4,'무신사 메타 광고'!$C:$C,$R66)) -> 0 | U66: =IFERROR(T66/S66,0) -> 0 | V66: =IF( IFERROR(IF(U65=0, 0, (U66 - U65) / U65), 0)=0," ",IFERROR(IF(U65=0, 0, (U66 - U65) / U65), 0)) | W66: =IF($S$4="", SUMIFS('무신사 메타 광고'!$K:$K, '무신사 메타 광고'!$C:$C, $R66),SUMIFS('무신사 메타 광고'!$K:$K,'무신사 메타 광고'!$I:$I,$S$4,'무신사 메타 광고'!$C:$C,$R66)) -> 0 | X66: =IF($S$4="", SUMIFS('무신사 메타 광고'!$N:$N, '무신사 메타 광고'!$C:$C, $R66),SUMIFS('무신사 메타 광고'!$N:$N,'무신사 메타 광고'!$I:$I,$S$4,'무신사 메타 광고'!$C:$C,$R66)) -> 0 | Y66: =IFERROR(X66/W66,0) -> 0 | Z66: =IF( IFERROR(IF(Y65=0, 0, (Y66 - Y65) / Y65), 0)=0," ",IFERROR(IF(Y65=0, 0, (Y66 - Y65) / Y65), 0)) | AB66: =IF($S$4="", SUMIFS('무신사 메타 광고'!$X:$X, '무신사 메타 광고'!$C:$C, $R66),SUMIFS('무신사 메타 광고'!$X:$X,'무신사 메타 광고'!$I:$I,$S$4,'무신사 메타 광고'!$C:$C,$R66)) -> 0 | AC66: =IFERROR( AB66/(AB66+T66),0 ) -> 0
A67: =MONTH(B67) -> 5 | B67: =IFERROR(__xludf.DUMMYFUNCTION("""COMPUTED_VALUE"""),46171) -> 46171 | C67: =IF($C$4="", SUMIFS('무신사 메타 광고'!$L:$L, '무신사 메타 광고'!$D:$D, $B67), SUMIFS('무신사 메타 광고'!$L:$L, '무신사 메타 광고'!$I:$I, $C$4, '무신사 메타 광고'!$D:$D, $B67)) -> 60071 | D67: =IF($C$4="", SUMIFS('무신사 메타 광고'!$V:$V, '무신사 메타 광고'!$D:$D, $B67), SUMIFS('무신사 메타 광고'!$V:$V,'무신사 메타 광고'!$I:$I,$C$4,'무신사 메타 광고'!$D:$D,$B67)) -> 666200 | E67: =IFERROR(D67/C67,0) -> 11.09021 | F67: =IF( IFERROR(IF(E66=0, 0, (E67 - E66) / E66), 0)=0," ",IFERROR(IF(E66=0, 0, (E67 - E66) / E66), 0)) -> -0.083834992 | G67: =IF($C$4="", SUMIFS('무신사 메타 광고'!$K:$K, '무신사 메타 광고'!$D:$D, $B67), SUMIFS('무신사 메타 광고'!$K:$K,'무신사 메타 광고'!$I:$I,$C$4,'무신사 메타 광고'!D:D,$B67)) -> 16034 | H67: =IF($C$4="", SUMIFS('무신사 메타 광고'!$N:$N, '무신사 메타 광고'!$D:$D, $B67),SUMIFS('무신사 메타 광고'!$N:$N,'무신사 메타 광고'!$I:$I,$C$4,'무신사 메타 광고'!$D:$D,$B67)) -> 403 | I67: =IF($C$4="", SUMIFS('무신사 메타 광고'!$U:$U, '무신사 메타 광고'!$D:$D, $B67),SUMIFS('무신사 메타 광고'!$U:$U,'무신사 메타 광고'!$I:$I,$C$4,'무신사 메타 광고'!$D:$D,$B67)) -> 6 | J67: =IFERROR( I67/H67,0) -> 0.014888337 | K67: =IFERROR(H67/G67,0) -> 0.02513409 | L67: =IF( IFERROR(IF(K66=0, 0, (K67 - K66) / K66), 0)=0," ",IFERROR(IF(K66=0, 0, (K67 - K66) / K66), 0)) -> -0.024220063 | N67: =IF($C$4="", SUMIFS('무신사 메타 광고'!$X:$X, '무신사 메타 광고'!$D:$D, $B67),SUMIFS('무신사 메타 광고'!$X:$X,'무신사 메타 광고'!I:I,$C$4,'무신사 메타 광고'!D:D,$B67)) -> 4947790 | O67: =IFERROR( N67/(N67+D67),0 ) -> 0.88133217 | S67: =IF($S$4="", SUMIFS('무신사 메타 광고'!$L:$L, '무신사 메타 광고'!$C:$C, $R67),SUMIFS('무신사 메타 광고'!L:L,'무신사 메타 광고'!$I:$I,$S$4,'무신사 메타 광고'!$C:$C,$R67)) -> 0 | T67: =IF($S$4="", SUMIFS('무신사 메타 광고'!$V:$V, '무신사 메타 광고'!$C:$C, $R67),SUMIFS('무신사 메타 광고'!$V:$V,'무신사 메타 광고'!$I:$I,$S$4,'무신사 메타 광고'!$C:$C,$R67)) -> 0 | U67: =IFERROR(T67/S67,0) -> 0 | V67: =IF( IFERROR(IF(U66=0, 0, (U67 - U66) / U66), 0)=0," ",IFERROR(IF(U66=0, 0, (U67 - U66) / U66), 0)) | W67: =IF($S$4="", SUMIFS('무신사 메타 광고'!$K:$K, '무신사 메타 광고'!$C:$C, $R67),SUMIFS('무신사 메타 광고'!$K:$K,'무신사 메타 광고'!$I:$I,$S$4,'무신사 메타 광고'!$C:$C,$R67)) -> 0 | X67: =IF($S$4="", SUMIFS('무신사 메타 광고'!$N:$N, '무신사 메타 광고'!$C:$C, $R67),SUMIFS('무신사 메타 광고'!$N:$N,'무신사 메타 광고'!$I:$I,$S$4,'무신사 메타 광고'!$C:$C,$R67)) -> 0 | Y67: =IFERROR(X67/W67,0) -> 0 | Z67: =IF( IFERROR(IF(Y66=0, 0, (Y67 - Y66) / Y66), 0)=0," ",IFERROR(IF(Y66=0, 0, (Y67 - Y66) / Y66), 0)) | AB67: =IF($S$4="", SUMIFS('무신사 메타 광고'!$X:$X, '무신사 메타 광고'!$C:$C, $R67),SUMIFS('무신사 메타 광고'!$X:$X,'무신사 메타 광고'!$I:$I,$S$4,'무신사 메타 광고'!$C:$C,$R67)) -> 0 | AC67: =IFERROR( AB67/(AB67+T67),0 ) -> 0
A68: =MONTH(B68) -> 5 | B68: =IFERROR(__xludf.DUMMYFUNCTION("""COMPUTED_VALUE"""),46172) -> 46172 | C68: =IF($C$4="", SUMIFS('무신사 메타 광고'!$L:$L, '무신사 메타 광고'!$D:$D, $B68), SUMIFS('무신사 메타 광고'!$L:$L, '무신사 메타 광고'!$I:$I, $C$4, '무신사 메타 광고'!$D:$D, $B68)) -> 57288 | D68: =IF($C$4="", SUMIFS('무신사 메타 광고'!$V:$V, '무신사 메타 광고'!$D:$D, $B68), SUMIFS('무신사 메타 광고'!$V:$V,'무신사 메타 광고'!$I:$I,$C$4,'무신사 메타 광고'!$D:$D,$B68)) -> 802300 | E68: =IFERROR(D68/C68,0) -> 14.004678 | F68: =IF( IFERROR(IF(E67=0, 0, (E68 - E67) / E67), 0)=0," ",IFERROR(IF(E67=0, 0, (E68 - E67) / E67), 0)) -> 0.26279649 | G68: =IF($C$4="", SUMIFS('무신사 메타 광고'!$K:$K, '무신사 메타 광고'!$D:$D, $B68), SUMIFS('무신사 메타 광고'!$K:$K,'무신사 메타 광고'!$I:$I,$C$4,'무신사 메타 광고'!D:D,$B68)) -> 16019 | H68: =IF($C$4="", SUMIFS('무신사 메타 광고'!$N:$N, '무신사 메타 광고'!$D:$D, $B68),SUMIFS('무신사 메타 광고'!$N:$N,'무신사 메타 광고'!$I:$I,$C$4,'무신사 메타 광고'!$D:$D,$B68)) -> 425 | I68: =IF($C$4="", SUMIFS('무신사 메타 광고'!$U:$U, '무신사 메타 광고'!$D:$D, $B68),SUMIFS('무신사 메타 광고'!$U:$U,'무신사 메타 광고'!$I:$I,$C$4,'무신사 메타 광고'!$D:$D,$B68)) -> 8 | J68: =IFERROR( I68/H68,0) -> 0.018823529 | K68: =IFERROR(H68/G68,0) -> 0.026530994 | L68: =IF( IFERROR(IF(K67=0, 0, (K68 - K67) / K67), 0)=0," ",IFERROR(IF(K67=0, 0, (K68 - K67) / K67), 0)) -> 0.055578077 | N68: =IF($C$4="", SUMIFS('무신사 메타 광고'!$X:$X, '무신사 메타 광고'!$D:$D, $B68),SUMIFS('무신사 메타 광고'!$X:$X,'무신사 메타 광고'!I:I,$C$4,'무신사 메타 광고'!D:D,$B68)) -> 9601400 | O68: =IFERROR( N68/(N68+D68),0 ) -> 0.92288321 | S68: =IF($S$4="", SUMIFS('무신사 메타 광고'!$L:$L, '무신사 메타 광고'!$C:$C, $R68),SUMIFS('무신사 메타 광고'!L:L,'무신사 메타 광고'!$I:$I,$S$4,'무신사 메타 광고'!$C:$C,$R68)) -> 0 | T68: =IF($S$4="", SUMIFS('무신사 메타 광고'!$V:$V, '무신사 메타 광고'!$C:$C, $R68),SUMIFS('무신사 메타 광고'!$V:$V,'무신사 메타 광고'!$I:$I,$S$4,'무신사 메타 광고'!$C:$C,$R68)) -> 0 | U68: =IFERROR(T68/S68,0) -> 0 | V68: =IF( IFERROR(IF(U67=0, 0, (U68 - U67) / U67), 0)=0," ",IFERROR(IF(U67=0, 0, (U68 - U67) / U67), 0)) | W68: =IF($S$4="", SUMIFS('무신사 메타 광고'!$K:$K, '무신사 메타 광고'!$C:$C, $R68),SUMIFS('무신사 메타 광고'!$K:$K,'무신사 메타 광고'!$I:$I,$S$4,'무신사 메타 광고'!$C:$C,$R68)) -> 0 | X68: =IF($S$4="", SUMIFS('무신사 메타 광고'!$N:$N, '무신사 메타 광고'!$C:$C, $R68),SUMIFS('무신사 메타 광고'!$N:$N,'무신사 메타 광고'!$I:$I,$S$4,'무신사 메타 광고'!$C:$C,$R68)) -> 0 | Y68: =IFERROR(X68/W68,0) -> 0 | Z68: =IF( IFERROR(IF(Y67=0, 0, (Y68 - Y67) / Y67), 0)=0," ",IFERROR(IF(Y67=0, 0, (Y68 - Y67) / Y67), 0)) | AB68: =IF($S$4="", SUMIFS('무신사 메타 광고'!$X:$X, '무신사 메타 광고'!$C:$C, $R68),SUMIFS('무신사 메타 광고'!$X:$X,'무신사 메타 광고'!$I:$I,$S$4,'무신사 메타 광고'!$C:$C,$R68)) -> 0 | AC68: =IFERROR( AB68/(AB68+T68),0 ) -> 0
A69: =MONTH(B69) -> 5 | B69: =IFERROR(__xludf.DUMMYFUNCTION("""COMPUTED_VALUE"""),46173) -> 46173 | C69: =IF($C$4="", SUMIFS('무신사 메타 광고'!$L:$L, '무신사 메타 광고'!$D:$D, $B69), SUMIFS('무신사 메타 광고'!$L:$L, '무신사 메타 광고'!$I:$I, $C$4, '무신사 메타 광고'!$D:$D, $B69)) -> 60216 | D69: =IF($C$4="", SUMIFS('무신사 메타 광고'!$V:$V, '무신사 메타 광고'!$D:$D, $B69), SUMIFS('무신사 메타 광고'!$V:$V,'무신사 메타 광고'!$I:$I,$C$4,'무신사 메타 광고'!$D:$D,$B69)) -> 634300 | E69: =IFERROR(D69/C69,0) -> 10.533745 | F69: =IF( IFERROR(IF(E68=0, 0, (E69 - E68) / E68), 0)=0," ",IFERROR(IF(E68=0, 0, (E69 - E68) / E68), 0)) -> -0.24784096 | G69: =IF($C$4="", SUMIFS('무신사 메타 광고'!$K:$K, '무신사 메타 광고'!$D:$D, $B69), SUMIFS('무신사 메타 광고'!$K:$K,'무신사 메타 광고'!$I:$I,$C$4,'무신사 메타 광고'!D:D,$B69)) -> 15627 | H69: =IF($C$4="", SUMIFS('무신사 메타 광고'!$N:$N, '무신사 메타 광고'!$D:$D, $B69),SUMIFS('무신사 메타 광고'!$N:$N,'무신사 메타 광고'!$I:$I,$C$4,'무신사 메타 광고'!$D:$D,$B69)) -> 389 | I69: =IF($C$4="", SUMIFS('무신사 메타 광고'!$U:$U, '무신사 메타 광고'!$D:$D, $B69),SUMIFS('무신사 메타 광고'!$U:$U,'무신사 메타 광고'!$I:$I,$C$4,'무신사 메타 광고'!$D:$D,$B69)) -> 5 | J69: =IFERROR( I69/H69,0) -> 0.01285347 | K69: =IFERROR(H69/G69,0) -> 0.024892814 | L69: =IF( IFERROR(IF(K68=0, 0, (K69 - K68) / K68), 0)=0," ",IFERROR(IF(K68=0, 0, (K69 - K68) / K68), 0)) -> -0.061745922 | N69: =IF($C$4="", SUMIFS('무신사 메타 광고'!$X:$X, '무신사 메타 광고'!$D:$D, $B69),SUMIFS('무신사 메타 광고'!$X:$X,'무신사 메타 광고'!I:I,$C$4,'무신사 메타 광고'!D:D,$B69)) -> 12197150 | O69: =IFERROR( N69/(N69+D69),0 ) -> 0.95056677 | S69: =IF($S$4="", SUMIFS('무신사 메타 광고'!$L:$L, '무신사 메타 광고'!$C:$C, $R69),SUMIFS('무신사 메타 광고'!L:L,'무신사 메타 광고'!$I:$I,$S$4,'무신사 메타 광고'!$C:$C,$R69)) -> 0 | T69: =IF($S$4="", SUMIFS('무신사 메타 광고'!$V:$V, '무신사 메타 광고'!$C:$C, $R69),SUMIFS('무신사 메타 광고'!$V:$V,'무신사 메타 광고'!$I:$I,$S$4,'무신사 메타 광고'!$C:$C,$R69)) -> 0 | U69: =IFERROR(T69/S69,0) -> 0 | V69: =IF( IFERROR(IF(U68=0, 0, (U69 - U68) / U68), 0)=0," ",IFERROR(IF(U68=0, 0, (U69 - U68) / U68), 0)) | W69: =IF($S$4="", SUMIFS('무신사 메타 광고'!$K:$K, '무신사 메타 광고'!$C:$C, $R69),SUMIFS('무신사 메타 광고'!$K:$K,'무신사 메타 광고'!$I:$I,$S$4,'무신사 메타 광고'!$C:$C,$R69)) -> 0 | X69: =IF($S$4="", SUMIFS('무신사 메타 광고'!$N:$N, '무신사 메타 광고'!$C:$C, $R69),SUMIFS('무신사 메타 광고'!$N:$N,'무신사 메타 광고'!$I:$I,$S$4,'무신사 메타 광고'!$C:$C,$R69)) -> 0 | Y69: =IFERROR(X69/W69,0) -> 0 | Z69: =IF( IFERROR(IF(Y68=0, 0, (Y69 - Y68) / Y68), 0)=0," ",IFERROR(IF(Y68=0, 0, (Y69 - Y68) / Y68), 0)) | AB69: =IF($S$4="", SUMIFS('무신사 메타 광고'!$X:$X, '무신사 메타 광고'!$C:$C, $R69),SUMIFS('무신사 메타 광고'!$X:$X,'무신사 메타 광고'!$I:$I,$S$4,'무신사 메타 광고'!$C:$C,$R69)) -> 0 | AC69: =IFERROR( AB69/(AB69+T69),0 ) -> 0
A70: =MONTH(B70) -> 6 | B70: =IFERROR(__xludf.DUMMYFUNCTION("""COMPUTED_VALUE"""),46174) -> 46174 | C70: =IF($C$4="", SUMIFS('무신사 메타 광고'!$L:$L, '무신사 메타 광고'!$D:$D, $B70), SUMIFS('무신사 메타 광고'!$L:$L, '무신사 메타 광고'!$I:$I, $C$4, '무신사 메타 광고'!$D:$D, $B70)) -> 60707 | D70: =IF($C$4="", SUMIFS('무신사 메타 광고'!$V:$V, '무신사 메타 광고'!$D:$D, $B70), SUMIFS('무신사 메타 광고'!$V:$V,'무신사 메타 광고'!$I:$I,$C$4,'무신사 메타 광고'!$D:$D,$B70)) -> 2069791 | E70: =IFERROR(D70/C70,0) -> 34.094767 | F70: =IF( IFERROR(IF(E69=0, 0, (E70 - E69) / E69), 0)=0," ",IFERROR(IF(E69=0, 0, (E70 - E69) / E69), 0)) -> 2.2367184 | G70: =IF($C$4="", SUMIFS('무신사 메타 광고'!$K:$K, '무신사 메타 광고'!$D:$D, $B70), SUMIFS('무신사 메타 광고'!$K:$K,'무신사 메타 광고'!$I:$I,$C$4,'무신사 메타 광고'!D:D,$B70)) -> 14493 | H70: =IF($C$4="", SUMIFS('무신사 메타 광고'!$N:$N, '무신사 메타 광고'!$D:$D, $B70),SUMIFS('무신사 메타 광고'!$N:$N,'무신사 메타 광고'!$I:$I,$C$4,'무신사 메타 광고'!$D:$D,$B70)) -> 367 | I70: =IF($C$4="", SUMIFS('무신사 메타 광고'!$U:$U, '무신사 메타 광고'!$D:$D, $B70),SUMIFS('무신사 메타 광고'!$U:$U,'무신사 메타 광고'!$I:$I,$C$4,'무신사 메타 광고'!$D:$D,$B70)) -> 21 | J70: =IFERROR( I70/H70,0) -> 0.057220708 | K70: =IFERROR(H70/G70,0) -> 0.02532257 | L70: =IF( IFERROR(IF(K69=0, 0, (K70 - K69) / K69), 0)=0," ",IFERROR(IF(K69=0, 0, (K70 - K69) / K69), 0)) -> 0.017264251 | N70: =IF($C$4="", SUMIFS('무신사 메타 광고'!$X:$X, '무신사 메타 광고'!$D:$D, $B70),SUMIFS('무신사 메타 광고'!$X:$X,'무신사 메타 광고'!I:I,$C$4,'무신사 메타 광고'!D:D,$B70)) -> 10671450 | O70: =IFERROR( N70/(N70+D70),0 ) -> 0.83755185 | S70: =IF($S$4="", SUMIFS('무신사 메타 광고'!$L:$L, '무신사 메타 광고'!$C:$C, $R70),SUMIFS('무신사 메타 광고'!L:L,'무신사 메타 광고'!$I:$I,$S$4,'무신사 메타 광고'!$C:$C,$R70)) -> 0 | T70: =IF($S$4="", SUMIFS('무신사 메타 광고'!$V:$V, '무신사 메타 광고'!$C:$C, $R70),SUMIFS('무신사 메타 광고'!$V:$V,'무신사 메타 광고'!$I:$I,$S$4,'무신사 메타 광고'!$C:$C,$R70)) -> 0 | U70: =IFERROR(T70/S70,0) -> 0 | V70: =IF( IFERROR(IF(U69=0, 0, (U70 - U69) / U69), 0)=0," ",IFERROR(IF(U69=0, 0, (U70 - U69) / U69), 0)) | W70: =IF($S$4="", SUMIFS('무신사 메타 광고'!$K:$K, '무신사 메타 광고'!$C:$C, $R70),SUMIFS('무신사 메타 광고'!$K:$K,'무신사 메타 광고'!$I:$I,$S$4,'무신사 메타 광고'!$C:$C,$R70)) -> 0 | X70: =IF($S$4="", SUMIFS('무신사 메타 광고'!$N:$N, '무신사 메타 광고'!$C:$C, $R70),SUMIFS('무신사 메타 광고'!$N:$N,'무신사 메타 광고'!$I:$I,$S$4,'무신사 메타 광고'!$C:$C,$R70)) -> 0 | Y70: =IFERROR(X70/W70,0) -> 0 | Z70: =IF( IFERROR(IF(Y69=0, 0, (Y70 - Y69) / Y69), 0)=0," ",IFERROR(IF(Y69=0, 0, (Y70 - Y69) / Y69), 0)) | AB70: =IF($S$4="", SUMIFS('무신사 메타 광고'!$X:$X, '무신사 메타 광고'!$C:$C, $R70),SUMIFS('무신사 메타 광고'!$X:$X,'무신사 메타 광고'!$I:$I,$S$4,'무신사 메타 광고'!$C:$C,$R70)) -> 0 | AC70: =IFERROR( AB70/(AB70+T70),0 ) -> 0
A71: =MONTH(B71) -> 6 | B71: =IFERROR(__xludf.DUMMYFUNCTION("""COMPUTED_VALUE"""),46175) -> 46175 | C71: =IF($C$4="", SUMIFS('무신사 메타 광고'!$L:$L, '무신사 메타 광고'!$D:$D, $B71), SUMIFS('무신사 메타 광고'!$L:$L, '무신사 메타 광고'!$I:$I, $C$4, '무신사 메타 광고'!$D:$D, $B71)) -> 64020 | D71: =IF($C$4="", SUMIFS('무신사 메타 광고'!$V:$V, '무신사 메타 광고'!$D:$D, $B71), SUMIFS('무신사 메타 광고'!$V:$V,'무신사 메타 광고'!$I:$I,$C$4,'무신사 메타 광고'!$D:$D,$B71)) -> 1563100 | E71: =IFERROR(D71/C71,0) -> 24.415808 | F71: =IF( IFERROR(IF(E70=0, 0, (E71 - E70) / E70), 0)=0," ",IFERROR(IF(E70=0, 0, (E71 - E70) / E70), 0)) -> -0.28388401 | G71: =IF($C$4="", SUMIFS('무신사 메타 광고'!$K:$K, '무신사 메타 광고'!$D:$D, $B71), SUMIFS('무신사 메타 광고'!$K:$K,'무신사 메타 광고'!$I:$I,$C$4,'무신사 메타 광고'!D:D,$B71)) -> 15112 | H71: =IF($C$4="", SUMIFS('무신사 메타 광고'!$N:$N, '무신사 메타 광고'!$D:$D, $B71),SUMIFS('무신사 메타 광고'!$N:$N,'무신사 메타 광고'!$I:$I,$C$4,'무신사 메타 광고'!$D:$D,$B71)) -> 425 | I71: =IF($C$4="", SUMIFS('무신사 메타 광고'!$U:$U, '무신사 메타 광고'!$D:$D, $B71),SUMIFS('무신사 메타 광고'!$U:$U,'무신사 메타 광고'!$I:$I,$C$4,'무신사 메타 광고'!$D:$D,$B71)) -> 16 | J71: =IFERROR( I71/H71,0) -> 0.037647059 | K71: =IFERROR(H71/G71,0) -> 0.028123346 | L71: =IF( IFERROR(IF(K70=0, 0, (K71 - K70) / K70), 0)=0," ",IFERROR(IF(K70=0, 0, (K71 - K70) / K70), 0)) -> 0.11060395 | N71: =IF($C$4="", SUMIFS('무신사 메타 광고'!$X:$X, '무신사 메타 광고'!$D:$D, $B71),SUMIFS('무신사 메타 광고'!$X:$X,'무신사 메타 광고'!I:I,$C$4,'무신사 메타 광고'!D:D,$B71)) -> 12246300 | O71: =IFERROR( N71/(N71+D71),0 ) -> 0.88680899 | S71: =IF($S$4="", SUMIFS('무신사 메타 광고'!$L:$L, '무신사 메타 광고'!$C:$C, $R71),SUMIFS('무신사 메타 광고'!L:L,'무신사 메타 광고'!$I:$I,$S$4,'무신사 메타 광고'!$C:$C,$R71)) -> 0 | T71: =IF($S$4="", SUMIFS('무신사 메타 광고'!$V:$V, '무신사 메타 광고'!$C:$C, $R71),SUMIFS('무신사 메타 광고'!$V:$V,'무신사 메타 광고'!$I:$I,$S$4,'무신사 메타 광고'!$C:$C,$R71)) -> 0 | U71: =IFERROR(T71/S71,0) -> 0 | V71: =IF( IFERROR(IF(U70=0, 0, (U71 - U70) / U70), 0)=0," ",IFERROR(IF(U70=0, 0, (U71 - U70) / U70), 0)) | W71: =IF($S$4="", SUMIFS('무신사 메타 광고'!$K:$K, '무신사 메타 광고'!$C:$C, $R71),SUMIFS('무신사 메타 광고'!$K:$K,'무신사 메타 광고'!$I:$I,$S$4,'무신사 메타 광고'!$C:$C,$R71)) -> 0 | X71: =IF($S$4="", SUMIFS('무신사 메타 광고'!$N:$N, '무신사 메타 광고'!$C:$C, $R71),SUMIFS('무신사 메타 광고'!$N:$N,'무신사 메타 광고'!$I:$I,$S$4,'무신사 메타 광고'!$C:$C,$R71)) -> 0 | Y71: =IFERROR(X71/W71,0) -> 0 | Z71: =IF( IFERROR(IF(Y70=0, 0, (Y71 - Y70) / Y70), 0)=0," ",IFERROR(IF(Y70=0, 0, (Y71 - Y70) / Y70), 0)) | AB71: =IF($S$4="", SUMIFS('무신사 메타 광고'!$X:$X, '무신사 메타 광고'!$C:$C, $R71),SUMIFS('무신사 메타 광고'!$X:$X,'무신사 메타 광고'!$I:$I,$S$4,'무신사 메타 광고'!$C:$C,$R71)) -> 0 | AC71: =IFERROR( AB71/(AB71+T71),0 ) -> 0
A72: =MONTH(B72) -> 6 | B72: =IFERROR(__xludf.DUMMYFUNCTION("""COMPUTED_VALUE"""),46176) -> 46176 | C72: =IF($C$4="", SUMIFS('무신사 메타 광고'!$L:$L, '무신사 메타 광고'!$D:$D, $B72), SUMIFS('무신사 메타 광고'!$L:$L, '무신사 메타 광고'!$I:$I, $C$4, '무신사 메타 광고'!$D:$D, $B72)) -> 63526 | D72: =IF($C$4="", SUMIFS('무신사 메타 광고'!$V:$V, '무신사 메타 광고'!$D:$D, $B72), SUMIFS('무신사 메타 광고'!$V:$V,'무신사 메타 광고'!$I:$I,$C$4,'무신사 메타 광고'!$D:$D,$B72)) -> 767000 | E72: =IFERROR(D72/C72,0) -> 12.073797 | F72: =IF( IFERROR(IF(E71=0, 0, (E72 - E71) / E71), 0)=0," ",IFERROR(IF(E71=0, 0, (E72 - E71) / E71), 0)) -> -0.50549264 | G72: =IF($C$4="", SUMIFS('무신사 메타 광고'!$K:$K, '무신사 메타 광고'!$D:$D, $B72), SUMIFS('무신사 메타 광고'!$K:$K,'무신사 메타 광고'!$I:$I,$C$4,'무신사 메타 광고'!D:D,$B72)) -> 15837 | H72: =IF($C$4="", SUMIFS('무신사 메타 광고'!$N:$N, '무신사 메타 광고'!$D:$D, $B72),SUMIFS('무신사 메타 광고'!$N:$N,'무신사 메타 광고'!$I:$I,$C$4,'무신사 메타 광고'!$D:$D,$B72)) -> 394 | I72: =IF($C$4="", SUMIFS('무신사 메타 광고'!$U:$U, '무신사 메타 광고'!$D:$D, $B72),SUMIFS('무신사 메타 광고'!$U:$U,'무신사 메타 광고'!$I:$I,$C$4,'무신사 메타 광고'!$D:$D,$B72)) -> 11 | J72: =IFERROR( I72/H72,0) -> 0.027918782 | K72: =IFERROR(H72/G72,0) -> 0.024878449 | L72: =IF( IFERROR(IF(K71=0, 0, (K72 - K71) / K71), 0)=0," ",IFERROR(IF(K71=0, 0, (K72 - K71) / K71), 0)) -> -0.11538088 | N72: =IF($C$4="", SUMIFS('무신사 메타 광고'!$X:$X, '무신사 메타 광고'!$D:$D, $B72),SUMIFS('무신사 메타 광고'!$X:$X,'무신사 메타 광고'!I:I,$C$4,'무신사 메타 광고'!D:D,$B72)) -> 9678450 | O72: =IFERROR( N72/(N72+D72),0 ) -> 0.9265709 | S72: =IF($S$4="", SUMIFS('무신사 메타 광고'!$L:$L, '무신사 메타 광고'!$C:$C, $R72),SUMIFS('무신사 메타 광고'!L:L,'무신사 메타 광고'!$I:$I,$S$4,'무신사 메타 광고'!$C:$C,$R72)) -> 0 | T72: =IF($S$4="", SUMIFS('무신사 메타 광고'!$V:$V, '무신사 메타 광고'!$C:$C, $R72),SUMIFS('무신사 메타 광고'!$V:$V,'무신사 메타 광고'!$I:$I,$S$4,'무신사 메타 광고'!$C:$C,$R72)) -> 0 | U72: =IFERROR(T72/S72,0) -> 0 | V72: =IF( IFERROR(IF(U71=0, 0, (U72 - U71) / U71), 0)=0," ",IFERROR(IF(U71=0, 0, (U72 - U71) / U71), 0)) | W72: =IF($S$4="", SUMIFS('무신사 메타 광고'!$K:$K, '무신사 메타 광고'!$C:$C, $R72),SUMIFS('무신사 메타 광고'!$K:$K,'무신사 메타 광고'!$I:$I,$S$4,'무신사 메타 광고'!$C:$C,$R72)) -> 0 | X72: =IF($S$4="", SUMIFS('무신사 메타 광고'!$N:$N, '무신사 메타 광고'!$C:$C, $R72),SUMIFS('무신사 메타 광고'!$N:$N,'무신사 메타 광고'!$I:$I,$S$4,'무신사 메타 광고'!$C:$C,$R72)) -> 0 | Y72: =IFERROR(X72/W72,0) -> 0 | Z72: =IF( IFERROR(IF(Y71=0, 0, (Y72 - Y71) / Y71), 0)=0," ",IFERROR(IF(Y71=0, 0, (Y72 - Y71) / Y71), 0)) | AB72: =IF($S$4="", SUMIFS('무신사 메타 광고'!$X:$X, '무신사 메타 광고'!$C:$C, $R72),SUMIFS('무신사 메타 광고'!$X:$X,'무신사 메타 광고'!$I:$I,$S$4,'무신사 메타 광고'!$C:$C,$R72)) -> 0 | AC72: =IFERROR( AB72/(AB72+T72),0 ) -> 0
A73: =MONTH(B73) -> 6 | B73: =IFERROR(__xludf.DUMMYFUNCTION("""COMPUTED_VALUE"""),46177) -> 46177 | C73: =IF($C$4="", SUMIFS('무신사 메타 광고'!$L:$L, '무신사 메타 광고'!$D:$D, $B73), SUMIFS('무신사 메타 광고'!$L:$L, '무신사 메타 광고'!$I:$I, $C$4, '무신사 메타 광고'!$D:$D, $B73)) -> 55294 | D73: =IF($C$4="", SUMIFS('무신사 메타 광고'!$V:$V, '무신사 메타 광고'!$D:$D, $B73), SUMIFS('무신사 메타 광고'!$V:$V,'무신사 메타 광고'!$I:$I,$C$4,'무신사 메타 광고'!$D:$D,$B73)) -> 1295200 | E73: =IFERROR(D73/C73,0) -> 23.42388 | F73: =IF( IFERROR(IF(E72=0, 0, (E73 - E72) / E72), 0)=0," ",IFERROR(IF(E72=0, 0, (E73 - E72) / E72), 0)) -> 0.94005916 | G73: =IF($C$4="", SUMIFS('무신사 메타 광고'!$K:$K, '무신사 메타 광고'!$D:$D, $B73), SUMIFS('무신사 메타 광고'!$K:$K,'무신사 메타 광고'!$I:$I,$C$4,'무신사 메타 광고'!D:D,$B73)) -> 13581 | H73: =IF($C$4="", SUMIFS('무신사 메타 광고'!$N:$N, '무신사 메타 광고'!$D:$D, $B73),SUMIFS('무신사 메타 광고'!$N:$N,'무신사 메타 광고'!$I:$I,$C$4,'무신사 메타 광고'!$D:$D,$B73)) -> 352 | I73: =IF($C$4="", SUMIFS('무신사 메타 광고'!$U:$U, '무신사 메타 광고'!$D:$D, $B73),SUMIFS('무신사 메타 광고'!$U:$U,'무신사 메타 광고'!$I:$I,$C$4,'무신사 메타 광고'!$D:$D,$B73)) -> 11 | J73: =IFERROR( I73/H73,0) -> 0.03125 | K73: =IFERROR(H73/G73,0) -> 0.025918563 | L73: =IF( IFERROR(IF(K72=0, 0, (K73 - K72) / K72), 0)=0," ",IFERROR(IF(K72=0, 0, (K73 - K72) / K72), 0)) -> 0.041807811 | N73: =IF($C$4="", SUMIFS('무신사 메타 광고'!$X:$X, '무신사 메타 광고'!$D:$D, $B73),SUMIFS('무신사 메타 광고'!$X:$X,'무신사 메타 광고'!I:I,$C$4,'무신사 메타 광고'!D:D,$B73)) -> 10606950 | O73: =IFERROR( N73/(N73+D73),0 ) -> 0.89117932 | S73: =IF($S$4="", SUMIFS('무신사 메타 광고'!$L:$L, '무신사 메타 광고'!$C:$C, $R73),SUMIFS('무신사 메타 광고'!L:L,'무신사 메타 광고'!$I:$I,$S$4,'무신사 메타 광고'!$C:$C,$R73)) -> 0 | T73: =IF($S$4="", SUMIFS('무신사 메타 광고'!$V:$V, '무신사 메타 광고'!$C:$C, $R73),SUMIFS('무신사 메타 광고'!$V:$V,'무신사 메타 광고'!$I:$I,$S$4,'무신사 메타 광고'!$C:$C,$R73)) -> 0 | U73: =IFERROR(T73/S73,0) -> 0 | V73: =IF( IFERROR(IF(U72=0, 0, (U73 - U72) / U72), 0)=0," ",IFERROR(IF(U72=0, 0, (U73 - U72) / U72), 0)) | W73: =IF($S$4="", SUMIFS('무신사 메타 광고'!$K:$K, '무신사 메타 광고'!$C:$C, $R73),SUMIFS('무신사 메타 광고'!$K:$K,'무신사 메타 광고'!$I:$I,$S$4,'무신사 메타 광고'!$C:$C,$R73)) -> 0 | X73: =IF($S$4="", SUMIFS('무신사 메타 광고'!$N:$N, '무신사 메타 광고'!$C:$C, $R73),SUMIFS('무신사 메타 광고'!$N:$N,'무신사 메타 광고'!$I:$I,$S$4,'무신사 메타 광고'!$C:$C,$R73)) -> 0 | Y73: =IFERROR(X73/W73,0) -> 0 | Z73: =IF( IFERROR(IF(Y72=0, 0, (Y73 - Y72) / Y72), 0)=0," ",IFERROR(IF(Y72=0, 0, (Y73 - Y72) / Y72), 0)) | AB73: =IF($S$4="", SUMIFS('무신사 메타 광고'!$X:$X, '무신사 메타 광고'!$C:$C, $R73),SUMIFS('무신사 메타 광고'!$X:$X,'무신사 메타 광고'!$I:$I,$S$4,'무신사 메타 광고'!$C:$C,$R73)) -> 0 | AC73: =IFERROR( AB73/(AB73+T73),0 ) -> 0
A74: =MONTH(B74) -> 6 | B74: =IFERROR(__xludf.DUMMYFUNCTION("""COMPUTED_VALUE"""),46178) -> 46178 | C74: =IF($C$4="", SUMIFS('무신사 메타 광고'!$L:$L, '무신사 메타 광고'!$D:$D, $B74), SUMIFS('무신사 메타 광고'!$L:$L, '무신사 메타 광고'!$I:$I, $C$4, '무신사 메타 광고'!$D:$D, $B74)) -> 58720 | D74: =IF($C$4="", SUMIFS('무신사 메타 광고'!$V:$V, '무신사 메타 광고'!$D:$D, $B74), SUMIFS('무신사 메타 광고'!$V:$V,'무신사 메타 광고'!$I:$I,$C$4,'무신사 메타 광고'!$D:$D,$B74)) -> 1597300 | E74: =IFERROR(D74/C74,0) -> 27.201975 | F74: =IF( IFERROR(IF(E73=0, 0, (E74 - E73) / E73), 0)=0," ",IFERROR(IF(E73=0, 0, (E74 - E73) / E73), 0)) -> 0.16129249 | G74: =IF($C$4="", SUMIFS('무신사 메타 광고'!$K:$K, '무신사 메타 광고'!$D:$D, $B74), SUMIFS('무신사 메타 광고'!$K:$K,'무신사 메타 광고'!$I:$I,$C$4,'무신사 메타 광고'!D:D,$B74)) -> 15707 | H74: =IF($C$4="", SUMIFS('무신사 메타 광고'!$N:$N, '무신사 메타 광고'!$D:$D, $B74),SUMIFS('무신사 메타 광고'!$N:$N,'무신사 메타 광고'!$I:$I,$C$4,'무신사 메타 광고'!$D:$D,$B74)) -> 315 | I74: =IF($C$4="", SUMIFS('무신사 메타 광고'!$U:$U, '무신사 메타 광고'!$D:$D, $B74),SUMIFS('무신사 메타 광고'!$U:$U,'무신사 메타 광고'!$I:$I,$C$4,'무신사 메타 광고'!$D:$D,$B74)) -> 16 | J74: =IFERROR( I74/H74,0) -> 0.050793651 | K74: =IFERROR(H74/G74,0) -> 0.020054753 | L74: =IF( IFERROR(IF(K73=0, 0, (K74 - K73) / K73), 0)=0," ",IFERROR(IF(K73=0, 0, (K74 - K73) / K73), 0)) -> -0.22623978 | N74: =IF($C$4="", SUMIFS('무신사 메타 광고'!$X:$X, '무신사 메타 광고'!$D:$D, $B74),SUMIFS('무신사 메타 광고'!$X:$X,'무신사 메타 광고'!I:I,$C$4,'무신사 메타 광고'!D:D,$B74)) -> 12981100 | O74: =IFERROR( N74/(N74+D74),0 ) -> 0.89043379 | S74: =IF($S$4="", SUMIFS('무신사 메타 광고'!$L:$L, '무신사 메타 광고'!$C:$C, $R74),SUMIFS('무신사 메타 광고'!L:L,'무신사 메타 광고'!$I:$I,$S$4,'무신사 메타 광고'!$C:$C,$R74)) -> 0 | T74: =IF($S$4="", SUMIFS('무신사 메타 광고'!$V:$V, '무신사 메타 광고'!$C:$C, $R74),SUMIFS('무신사 메타 광고'!$V:$V,'무신사 메타 광고'!$I:$I,$S$4,'무신사 메타 광고'!$C:$C,$R74)) -> 0 | U74: =IFERROR(T74/S74,0) -> 0 | V74: =IF( IFERROR(IF(U73=0, 0, (U74 - U73) / U73), 0)=0," ",IFERROR(IF(U73=0, 0, (U74 - U73) / U73), 0)) | W74: =IF($S$4="", SUMIFS('무신사 메타 광고'!$K:$K, '무신사 메타 광고'!$C:$C, $R74),SUMIFS('무신사 메타 광고'!$K:$K,'무신사 메타 광고'!$I:$I,$S$4,'무신사 메타 광고'!$C:$C,$R74)) -> 0 | X74: =IF($S$4="", SUMIFS('무신사 메타 광고'!$N:$N, '무신사 메타 광고'!$C:$C, $R74),SUMIFS('무신사 메타 광고'!$N:$N,'무신사 메타 광고'!$I:$I,$S$4,'무신사 메타 광고'!$C:$C,$R74)) -> 0 | Y74: =IFERROR(X74/W74,0) -> 0 | Z74: =IF( IFERROR(IF(Y73=0, 0, (Y74 - Y73) / Y73), 0)=0," ",IFERROR(IF(Y73=0, 0, (Y74 - Y73) / Y73), 0)) | AB74: =IF($S$4="", SUMIFS('무신사 메타 광고'!$X:$X, '무신사 메타 광고'!$C:$C, $R74),SUMIFS('무신사 메타 광고'!$X:$X,'무신사 메타 광고'!$I:$I,$S$4,'무신사 메타 광고'!$C:$C,$R74)) -> 0 | AC74: =IFERROR( AB74/(AB74+T74),0 ) -> 0
A75: =MONTH(B75) -> 6 | B75: =IFERROR(__xludf.DUMMYFUNCTION("""COMPUTED_VALUE"""),46179) -> 46179 | C75: =IF($C$4="", SUMIFS('무신사 메타 광고'!$L:$L, '무신사 메타 광고'!$D:$D, $B75), SUMIFS('무신사 메타 광고'!$L:$L, '무신사 메타 광고'!$I:$I, $C$4, '무신사 메타 광고'!$D:$D, $B75)) -> 57442 | D75: =IF($C$4="", SUMIFS('무신사 메타 광고'!$V:$V, '무신사 메타 광고'!$D:$D, $B75), SUMIFS('무신사 메타 광고'!$V:$V,'무신사 메타 광고'!$I:$I,$C$4,'무신사 메타 광고'!$D:$D,$B75)) -> 629100 | E75: =IFERROR(D75/C75,0) -> 10.951917 | F75: =IF( IFERROR(IF(E74=0, 0, (E75 - E74) / E74), 0)=0," ",IFERROR(IF(E74=0, 0, (E75 - E74) / E74), 0)) -> -0.59738524 | G75: =IF($C$4="", SUMIFS('무신사 메타 광고'!$K:$K, '무신사 메타 광고'!$D:$D, $B75), SUMIFS('무신사 메타 광고'!$K:$K,'무신사 메타 광고'!$I:$I,$C$4,'무신사 메타 광고'!D:D,$B75)) -> 12189 | H75: =IF($C$4="", SUMIFS('무신사 메타 광고'!$N:$N, '무신사 메타 광고'!$D:$D, $B75),SUMIFS('무신사 메타 광고'!$N:$N,'무신사 메타 광고'!$I:$I,$C$4,'무신사 메타 광고'!$D:$D,$B75)) -> 311 | I75: =IF($C$4="", SUMIFS('무신사 메타 광고'!$U:$U, '무신사 메타 광고'!$D:$D, $B75),SUMIFS('무신사 메타 광고'!$U:$U,'무신사 메타 광고'!$I:$I,$C$4,'무신사 메타 광고'!$D:$D,$B75)) -> 6 | J75: =IFERROR( I75/H75,0) -> 0.019292605 | K75: =IFERROR(H75/G75,0) -> 0.025514808 | L75: =IF( IFERROR(IF(K74=0, 0, (K75 - K74) / K74), 0)=0," ",IFERROR(IF(K74=0, 0, (K75 - K74) / K74), 0)) -> 0.27225745 | N75: =IF($C$4="", SUMIFS('무신사 메타 광고'!$X:$X, '무신사 메타 광고'!$D:$D, $B75),SUMIFS('무신사 메타 광고'!$X:$X,'무신사 메타 광고'!I:I,$C$4,'무신사 메타 광고'!D:D,$B75)) -> 5537300 | O75: =IFERROR( N75/(N75+D75),0 ) -> 0.89797937 | S75: =IF($S$4="", SUMIFS('무신사 메타 광고'!$L:$L, '무신사 메타 광고'!$C:$C, $R75),SUMIFS('무신사 메타 광고'!L:L,'무신사 메타 광고'!$I:$I,$S$4,'무신사 메타 광고'!$C:$C,$R75)) -> 0 | T75: =IF($S$4="", SUMIFS('무신사 메타 광고'!$V:$V, '무신사 메타 광고'!$C:$C, $R75),SUMIFS('무신사 메타 광고'!$V:$V,'무신사 메타 광고'!$I:$I,$S$4,'무신사 메타 광고'!$C:$C,$R75)) -> 0 | U75: =IFERROR(T75/S75,0) -> 0 | V75: =IF( IFERROR(IF(U74=0, 0, (U75 - U74) / U74), 0)=0," ",IFERROR(IF(U74=0, 0, (U75 - U74) / U74), 0)) | W75: =IF($S$4="", SUMIFS('무신사 메타 광고'!$K:$K, '무신사 메타 광고'!$C:$C, $R75),SUMIFS('무신사 메타 광고'!$K:$K,'무신사 메타 광고'!$I:$I,$S$4,'무신사 메타 광고'!$C:$C,$R75)) -> 0 | X75: =IF($S$4="", SUMIFS('무신사 메타 광고'!$N:$N, '무신사 메타 광고'!$C:$C, $R75),SUMIFS('무신사 메타 광고'!$N:$N,'무신사 메타 광고'!$I:$I,$S$4,'무신사 메타 광고'!$C:$C,$R75)) -> 0 | Y75: =IFERROR(X75/W75,0) -> 0 | Z75: =IF( IFERROR(IF(Y74=0, 0, (Y75 - Y74) / Y74), 0)=0," ",IFERROR(IF(Y74=0, 0, (Y75 - Y74) / Y74), 0)) | AB75: =IF($S$4="", SUMIFS('무신사 메타 광고'!$X:$X, '무신사 메타 광고'!$C:$C, $R75),SUMIFS('무신사 메타 광고'!$X:$X,'무신사 메타 광고'!$I:$I,$S$4,'무신사 메타 광고'!$C:$C,$R75)) -> 0 | AC75: =IFERROR( AB75/(AB75+T75),0 ) -> 0
A76: =MONTH(B76) -> 6 | B76: =IFERROR(__xludf.DUMMYFUNCTION("""COMPUTED_VALUE"""),46180) -> 46180 | C76: =IF($C$4="", SUMIFS('무신사 메타 광고'!$L:$L, '무신사 메타 광고'!$D:$D, $B76), SUMIFS('무신사 메타 광고'!$L:$L, '무신사 메타 광고'!$I:$I, $C$4, '무신사 메타 광고'!$D:$D, $B76)) -> 66961 | D76: =IF($C$4="", SUMIFS('무신사 메타 광고'!$V:$V, '무신사 메타 광고'!$D:$D, $B76), SUMIFS('무신사 메타 광고'!$V:$V,'무신사 메타 광고'!$I:$I,$C$4,'무신사 메타 광고'!$D:$D,$B76)) -> 977400 | E76: =IFERROR(D76/C76,0) -> 14.596556 | F76: =IF( IFERROR(IF(E75=0, 0, (E76 - E75) / E75), 0)=0," ",IFERROR(IF(E75=0, 0, (E76 - E75) / E75), 0)) -> 0.33278554 | G76: =IF($C$4="", SUMIFS('무신사 메타 광고'!$K:$K, '무신사 메타 광고'!$D:$D, $B76), SUMIFS('무신사 메타 광고'!$K:$K,'무신사 메타 광고'!$I:$I,$C$4,'무신사 메타 광고'!D:D,$B76)) -> 13261 | H76: =IF($C$4="", SUMIFS('무신사 메타 광고'!$N:$N, '무신사 메타 광고'!$D:$D, $B76),SUMIFS('무신사 메타 광고'!$N:$N,'무신사 메타 광고'!$I:$I,$C$4,'무신사 메타 광고'!$D:$D,$B76)) -> 330 | I76: =IF($C$4="", SUMIFS('무신사 메타 광고'!$U:$U, '무신사 메타 광고'!$D:$D, $B76),SUMIFS('무신사 메타 광고'!$U:$U,'무신사 메타 광고'!$I:$I,$C$4,'무신사 메타 광고'!$D:$D,$B76)) -> 11 | J76: =IFERROR( I76/H76,0) -> 0.033333333 | K76: =IFERROR(H76/G76,0) -> 0.024885001 | L76: =IF( IFERROR(IF(K75=0, 0, (K76 - K75) / K75), 0)=0," ",IFERROR(IF(K75=0, 0, (K76 - K75) / K75), 0)) -> -0.024683991 | N76: =IF($C$4="", SUMIFS('무신사 메타 광고'!$X:$X, '무신사 메타 광고'!$D:$D, $B76),SUMIFS('무신사 메타 광고'!$X:$X,'무신사 메타 광고'!I:I,$C$4,'무신사 메타 광고'!D:D,$B76)) -> 8265700 | O76: =IFERROR( N76/(N76+D76),0 ) -> 0.89425626 | S76: =IF($S$4="", SUMIFS('무신사 메타 광고'!$L:$L, '무신사 메타 광고'!$C:$C, $R76),SUMIFS('무신사 메타 광고'!L:L,'무신사 메타 광고'!$I:$I,$S$4,'무신사 메타 광고'!$C:$C,$R76)) -> 0 | T76: =IF($S$4="", SUMIFS('무신사 메타 광고'!$V:$V, '무신사 메타 광고'!$C:$C, $R76),SUMIFS('무신사 메타 광고'!$V:$V,'무신사 메타 광고'!$I:$I,$S$4,'무신사 메타 광고'!$C:$C,$R76)) -> 0 | U76: =IFERROR(T76/S76,0) -> 0 | V76: =IF( IFERROR(IF(U75=0, 0, (U76 - U75) / U75), 0)=0," ",IFERROR(IF(U75=0, 0, (U76 - U75) / U75), 0)) | W76: =IF($S$4="", SUMIFS('무신사 메타 광고'!$K:$K, '무신사 메타 광고'!$C:$C, $R76),SUMIFS('무신사 메타 광고'!$K:$K,'무신사 메타 광고'!$I:$I,$S$4,'무신사 메타 광고'!$C:$C,$R76)) -> 0 | X76: =IF($S$4="", SUMIFS('무신사 메타 광고'!$N:$N, '무신사 메타 광고'!$C:$C, $R76),SUMIFS('무신사 메타 광고'!$N:$N,'무신사 메타 광고'!$I:$I,$S$4,'무신사 메타 광고'!$C:$C,$R76)) -> 0 | Y76: =IFERROR(X76/W76,0) -> 0 | Z76: =IF( IFERROR(IF(Y75=0, 0, (Y76 - Y75) / Y75), 0)=0," ",IFERROR(IF(Y75=0, 0, (Y76 - Y75) / Y75), 0)) | AB76: =IF($S$4="", SUMIFS('무신사 메타 광고'!$X:$X, '무신사 메타 광고'!$C:$C, $R76),SUMIFS('무신사 메타 광고'!$X:$X,'무신사 메타 광고'!$I:$I,$S$4,'무신사 메타 광고'!$C:$C,$R76)) -> 0 | AC76: =IFERROR( AB76/(AB76+T76),0 ) -> 0
A77: =MONTH(B77) -> 6 | B77: =IFERROR(__xludf.DUMMYFUNCTION("""COMPUTED_VALUE"""),46181) -> 46181 | C77: =IF($C$4="", SUMIFS('무신사 메타 광고'!$L:$L, '무신사 메타 광고'!$D:$D, $B77), SUMIFS('무신사 메타 광고'!$L:$L, '무신사 메타 광고'!$I:$I, $C$4, '무신사 메타 광고'!$D:$D, $B77)) -> 67103 | D77: =IF($C$4="", SUMIFS('무신사 메타 광고'!$V:$V, '무신사 메타 광고'!$D:$D, $B77), SUMIFS('무신사 메타 광고'!$V:$V,'무신사 메타 광고'!$I:$I,$C$4,'무신사 메타 광고'!$D:$D,$B77)) -> 952200 | E77: =IFERROR(D77/C77,0) -> 14.190126 | F77: =IF( IFERROR(IF(E76=0, 0, (E77 - E76) / E76), 0)=0," ",IFERROR(IF(E76=0, 0, (E77 - E76) / E76), 0)) -> -0.027844279 | G77: =IF($C$4="", SUMIFS('무신사 메타 광고'!$K:$K, '무신사 메타 광고'!$D:$D, $B77), SUMIFS('무신사 메타 광고'!$K:$K,'무신사 메타 광고'!$I:$I,$C$4,'무신사 메타 광고'!D:D,$B77)) -> 16065 | H77: =IF($C$4="", SUMIFS('무신사 메타 광고'!$N:$N, '무신사 메타 광고'!$D:$D, $B77),SUMIFS('무신사 메타 광고'!$N:$N,'무신사 메타 광고'!$I:$I,$C$4,'무신사 메타 광고'!$D:$D,$B77)) -> 325 | I77: =IF($C$4="", SUMIFS('무신사 메타 광고'!$U:$U, '무신사 메타 광고'!$D:$D, $B77),SUMIFS('무신사 메타 광고'!$U:$U,'무신사 메타 광고'!$I:$I,$C$4,'무신사 메타 광고'!$D:$D,$B77)) -> 8 | J77: =IFERROR( I77/H77,0) -> 0.024615385 | K77: =IFERROR(H77/G77,0) -> 0.020230314 | L77: =IF( IFERROR(IF(K76=0, 0, (K77 - K76) / K76), 0)=0," ",IFERROR(IF(K76=0, 0, (K77 - K76) / K76), 0)) -> -0.18704788 | N77: =IF($C$4="", SUMIFS('무신사 메타 광고'!$X:$X, '무신사 메타 광고'!$D:$D, $B77),SUMIFS('무신사 메타 광고'!$X:$X,'무신사 메타 광고'!I:I,$C$4,'무신사 메타 광고'!D:D,$B77)) -> 7015250 | O77: =IFERROR( N77/(N77+D77),0 ) -> 0.88048874 | S77: =IF($S$4="", SUMIFS('무신사 메타 광고'!$L:$L, '무신사 메타 광고'!$C:$C, $R77),SUMIFS('무신사 메타 광고'!L:L,'무신사 메타 광고'!$I:$I,$S$4,'무신사 메타 광고'!$C:$C,$R77)) -> 0 | T77: =IF($S$4="", SUMIFS('무신사 메타 광고'!$V:$V, '무신사 메타 광고'!$C:$C, $R77),SUMIFS('무신사 메타 광고'!$V:$V,'무신사 메타 광고'!$I:$I,$S$4,'무신사 메타 광고'!$C:$C,$R77)) -> 0 | U77: =IFERROR(T77/S77,0) -> 0 | V77: =IF( IFERROR(IF(U76=0, 0, (U77 - U76) / U76), 0)=0," ",IFERROR(IF(U76=0, 0, (U77 - U76) / U76), 0)) | W77: =IF($S$4="", SUMIFS('무신사 메타 광고'!$K:$K, '무신사 메타 광고'!$C:$C, $R77),SUMIFS('무신사 메타 광고'!$K:$K,'무신사 메타 광고'!$I:$I,$S$4,'무신사 메타 광고'!$C:$C,$R77)) -> 0 | X77: =IF($S$4="", SUMIFS('무신사 메타 광고'!$N:$N, '무신사 메타 광고'!$C:$C, $R77),SUMIFS('무신사 메타 광고'!$N:$N,'무신사 메타 광고'!$I:$I,$S$4,'무신사 메타 광고'!$C:$C,$R77)) -> 0 | Y77: =IFERROR(X77/W77,0) -> 0 | Z77: =IF( IFERROR(IF(Y76=0, 0, (Y77 - Y76) / Y76), 0)=0," ",IFERROR(IF(Y76=0, 0, (Y77 - Y76) / Y76), 0)) | AB77: =IF($S$4="", SUMIFS('무신사 메타 광고'!$X:$X, '무신사 메타 광고'!$C:$C, $R77),SUMIFS('무신사 메타 광고'!$X:$X,'무신사 메타 광고'!$I:$I,$S$4,'무신사 메타 광고'!$C:$C,$R77)) -> 0 | AC77: =IFERROR( AB77/(AB77+T77),0 ) -> 0
A78: =MONTH(B78) -> 6 | B78: =IFERROR(__xludf.DUMMYFUNCTION("""COMPUTED_VALUE"""),46182) -> 46182 | C78: =IF($C$4="", SUMIFS('무신사 메타 광고'!$L:$L, '무신사 메타 광고'!$D:$D, $B78), SUMIFS('무신사 메타 광고'!$L:$L, '무신사 메타 광고'!$I:$I, $C$4, '무신사 메타 광고'!$D:$D, $B78)) -> 64954 | D78: =IF($C$4="", SUMIFS('무신사 메타 광고'!$V:$V, '무신사 메타 광고'!$D:$D, $B78), SUMIFS('무신사 메타 광고'!$V:$V,'무신사 메타 광고'!$I:$I,$C$4,'무신사 메타 광고'!$D:$D,$B78)) -> 2919700 | E78: =IFERROR(D78/C78,0) -> 44.950273 | F78: =IF( IFERROR(IF(E77=0, 0, (E78 - E77) / E77), 0)=0," ",IFERROR(IF(E77=0, 0, (E78 - E77) / E77), 0)) -> 2.1677149 | G78: =IF($C$4="", SUMIFS('무신사 메타 광고'!$K:$K, '무신사 메타 광고'!$D:$D, $B78), SUMIFS('무신사 메타 광고'!$K:$K,'무신사 메타 광고'!$I:$I,$C$4,'무신사 메타 광고'!D:D,$B78)) -> 14422 | H78: =IF($C$4="", SUMIFS('무신사 메타 광고'!$N:$N, '무신사 메타 광고'!$D:$D, $B78),SUMIFS('무신사 메타 광고'!$N:$N,'무신사 메타 광고'!$I:$I,$C$4,'무신사 메타 광고'!$D:$D,$B78)) -> 361 | I78: =IF($C$4="", SUMIFS('무신사 메타 광고'!$U:$U, '무신사 메타 광고'!$D:$D, $B78),SUMIFS('무신사 메타 광고'!$U:$U,'무신사 메타 광고'!$I:$I,$C$4,'무신사 메타 광고'!$D:$D,$B78)) -> 18 | J78: =IFERROR( I78/H78,0) -> 0.049861496 | K78: =IFERROR(H78/G78,0) -> 0.025031202 | L78: =IF( IFERROR(IF(K77=0, 0, (K78 - K77) / K77), 0)=0," ",IFERROR(IF(K77=0, 0, (K78 - K77) / K77), 0)) -> 0.23731159 | N78: =IF($C$4="", SUMIFS('무신사 메타 광고'!$X:$X, '무신사 메타 광고'!$D:$D, $B78),SUMIFS('무신사 메타 광고'!$X:$X,'무신사 메타 광고'!I:I,$C$4,'무신사 메타 광고'!D:D,$B78)) -> 8747100 | O78: =IFERROR( N78/(N78+D78),0 ) -> 0.74974286 | S78: =IF($S$4="", SUMIFS('무신사 메타 광고'!$L:$L, '무신사 메타 광고'!$C:$C, $R78),SUMIFS('무신사 메타 광고'!L:L,'무신사 메타 광고'!$I:$I,$S$4,'무신사 메타 광고'!$C:$C,$R78)) -> 0 | T78: =IF($S$4="", SUMIFS('무신사 메타 광고'!$V:$V, '무신사 메타 광고'!$C:$C, $R78),SUMIFS('무신사 메타 광고'!$V:$V,'무신사 메타 광고'!$I:$I,$S$4,'무신사 메타 광고'!$C:$C,$R78)) -> 0 | U78: =IFERROR(T78/S78,0) -> 0 | V78: =IF( IFERROR(IF(U77=0, 0, (U78 - U77) / U77), 0)=0," ",IFERROR(IF(U77=0, 0, (U78 - U77) / U77), 0)) | W78: =IF($S$4="", SUMIFS('무신사 메타 광고'!$K:$K, '무신사 메타 광고'!$C:$C, $R78),SUMIFS('무신사 메타 광고'!$K:$K,'무신사 메타 광고'!$I:$I,$S$4,'무신사 메타 광고'!$C:$C,$R78)) -> 0 | X78: =IF($S$4="", SUMIFS('무신사 메타 광고'!$N:$N, '무신사 메타 광고'!$C:$C, $R78),SUMIFS('무신사 메타 광고'!$N:$N,'무신사 메타 광고'!$I:$I,$S$4,'무신사 메타 광고'!$C:$C,$R78)) -> 0 | Y78: =IFERROR(X78/W78,0) -> 0 | Z78: =IF( IFERROR(IF(Y77=0, 0, (Y78 - Y77) / Y77), 0)=0," ",IFERROR(IF(Y77=0, 0, (Y78 - Y77) / Y77), 0)) | AB78: =IF($S$4="", SUMIFS('무신사 메타 광고'!$X:$X, '무신사 메타 광고'!$C:$C, $R78),SUMIFS('무신사 메타 광고'!$X:$X,'무신사 메타 광고'!$I:$I,$S$4,'무신사 메타 광고'!$C:$C,$R78)) -> 0 | AC78: =IFERROR( AB78/(AB78+T78),0 ) -> 0
A79: =MONTH(B79) -> 6 | B79: =IFERROR(__xludf.DUMMYFUNCTION("""COMPUTED_VALUE"""),46183) -> 46183 | C79: =IF($C$4="", SUMIFS('무신사 메타 광고'!$L:$L, '무신사 메타 광고'!$D:$D, $B79), SUMIFS('무신사 메타 광고'!$L:$L, '무신사 메타 광고'!$I:$I, $C$4, '무신사 메타 광고'!$D:$D, $B79)) -> 54873 | D79: =IF($C$4="", SUMIFS('무신사 메타 광고'!$V:$V, '무신사 메타 광고'!$D:$D, $B79), SUMIFS('무신사 메타 광고'!$V:$V,'무신사 메타 광고'!$I:$I,$C$4,'무신사 메타 광고'!$D:$D,$B79)) -> 652000 | E79: =IFERROR(D79/C79,0) -> 11.881982 | F79: =IF( IFERROR(IF(E78=0, 0, (E79 - E78) / E78), 0)=0," ",IFERROR(IF(E78=0, 0, (E79 - E78) / E78), 0)) -> -0.73566385 | G79: =IF($C$4="", SUMIFS('무신사 메타 광고'!$K:$K, '무신사 메타 광고'!$D:$D, $B79), SUMIFS('무신사 메타 광고'!$K:$K,'무신사 메타 광고'!$I:$I,$C$4,'무신사 메타 광고'!D:D,$B79)) -> 12013 | H79: =IF($C$4="", SUMIFS('무신사 메타 광고'!$N:$N, '무신사 메타 광고'!$D:$D, $B79),SUMIFS('무신사 메타 광고'!$N:$N,'무신사 메타 광고'!$I:$I,$C$4,'무신사 메타 광고'!$D:$D,$B79)) -> 275 | I79: =IF($C$4="", SUMIFS('무신사 메타 광고'!$U:$U, '무신사 메타 광고'!$D:$D, $B79),SUMIFS('무신사 메타 광고'!$U:$U,'무신사 메타 광고'!$I:$I,$C$4,'무신사 메타 광고'!$D:$D,$B79)) -> 8 | J79: =IFERROR( I79/H79,0) -> 0.029090909 | K79: =IFERROR(H79/G79,0) -> 0.022891867 | L79: =IF( IFERROR(IF(K78=0, 0, (K79 - K78) / K78), 0)=0," ",IFERROR(IF(K78=0, 0, (K79 - K78) / K78), 0)) -> -0.085466737 | N79: =IF($C$4="", SUMIFS('무신사 메타 광고'!$X:$X, '무신사 메타 광고'!$D:$D, $B79),SUMIFS('무신사 메타 광고'!$X:$X,'무신사 메타 광고'!I:I,$C$4,'무신사 메타 광고'!D:D,$B79)) -> 2660765 | O79: =IFERROR( N79/(N79+D79),0 ) -> 0.80318556 | S79: =IF($S$4="", SUMIFS('무신사 메타 광고'!$L:$L, '무신사 메타 광고'!$C:$C, $R79),SUMIFS('무신사 메타 광고'!L:L,'무신사 메타 광고'!$I:$I,$S$4,'무신사 메타 광고'!$C:$C,$R79)) -> 0 | T79: =IF($S$4="", SUMIFS('무신사 메타 광고'!$V:$V, '무신사 메타 광고'!$C:$C, $R79),SUMIFS('무신사 메타 광고'!$V:$V,'무신사 메타 광고'!$I:$I,$S$4,'무신사 메타 광고'!$C:$C,$R79)) -> 0 | U79: =IFERROR(T79/S79,0) -> 0 | V79: =IF( IFERROR(IF(U78=0, 0, (U79 - U78) / U78), 0)=0," ",IFERROR(IF(U78=0, 0, (U79 - U78) / U78), 0)) | W79: =IF($S$4="", SUMIFS('무신사 메타 광고'!$K:$K, '무신사 메타 광고'!$C:$C, $R79),SUMIFS('무신사 메타 광고'!$K:$K,'무신사 메타 광고'!$I:$I,$S$4,'무신사 메타 광고'!$C:$C,$R79)) -> 0 | X79: =IF($S$4="", SUMIFS('무신사 메타 광고'!$N:$N, '무신사 메타 광고'!$C:$C, $R79),SUMIFS('무신사 메타 광고'!$N:$N,'무신사 메타 광고'!$I:$I,$S$4,'무신사 메타 광고'!$C:$C,$R79)) -> 0 | Y79: =IFERROR(X79/W79,0) -> 0 | Z79: =IF( IFERROR(IF(Y78=0, 0, (Y79 - Y78) / Y78), 0)=0," ",IFERROR(IF(Y78=0, 0, (Y79 - Y78) / Y78), 0)) | AB79: =IF($S$4="", SUMIFS('무신사 메타 광고'!$X:$X, '무신사 메타 광고'!$C:$C, $R79),SUMIFS('무신사 메타 광고'!$X:$X,'무신사 메타 광고'!$I:$I,$S$4,'무신사 메타 광고'!$C:$C,$R79)) -> 0 | AC79: =IFERROR( AB79/(AB79+T79),0 ) -> 0
A80: 10 | B80: =IFERROR(__xludf.DUMMYFUNCTION("""COMPUTED_VALUE"""),46184) -> 46184 | C80: =IF($C$4="", SUMIFS('무신사 메타 광고'!$L:$L, '무신사 메타 광고'!$D:$D, $B80), SUMIFS('무신사 메타 광고'!$L:$L, '무신사 메타 광고'!$I:$I, $C$4, '무신사 메타 광고'!$D:$D, $B80)) -> 69169 | D80: =IF($C$4="", SUMIFS('무신사 메타 광고'!$V:$V, '무신사 메타 광고'!$D:$D, $B80), SUMIFS('무신사 메타 광고'!$V:$V,'무신사 메타 광고'!$I:$I,$C$4,'무신사 메타 광고'!$D:$D,$B80)) -> 696500 | E80: =IFERROR(D80/C80,0) -> 10.06954 | F80: =IF( IFERROR(IF(E79=0, 0, (E80 - E79) / E79), 0)=0," ",IFERROR(IF(E79=0, 0, (E80 - E79) / E79), 0)) -> -0.15253703 | G80: =IF($C$4="", SUMIFS('무신사 메타 광고'!$K:$K, '무신사 메타 광고'!$D:$D, $B80), SUMIFS('무신사 메타 광고'!$K:$K,'무신사 메타 광고'!$I:$I,$C$4,'무신사 메타 광고'!D:D,$B80)) -> 12812 | H80: =IF($C$4="", SUMIFS('무신사 메타 광고'!$N:$N, '무신사 메타 광고'!$D:$D, $B80),SUMIFS('무신사 메타 광고'!$N:$N,'무신사 메타 광고'!$I:$I,$C$4,'무신사 메타 광고'!$D:$D,$B80)) -> 329 | I80: =IF($C$4="", SUMIFS('무신사 메타 광고'!$U:$U, '무신사 메타 광고'!$D:$D, $B80),SUMIFS('무신사 메타 광고'!$U:$U,'무신사 메타 광고'!$I:$I,$C$4,'무신사 메타 광고'!$D:$D,$B80)) -> 8 | J80: =IFERROR( I80/H80,0) -> 0.024316109 | K80: =IFERROR(H80/G80,0) -> 0.025679051 | L80: =IF( IFERROR(IF(K79=0, 0, (K80 - K79) / K79), 0)=0," ",IFERROR(IF(K79=0, 0, (K80 - K79) / K79), 0)) -> 0.12175432 | N80: =IF($C$4="", SUMIFS('무신사 메타 광고'!$X:$X, '무신사 메타 광고'!$D:$D, $B80),SUMIFS('무신사 메타 광고'!$X:$X,'무신사 메타 광고'!I:I,$C$4,'무신사 메타 광고'!D:D,$B80)) -> 6923400 | O80: =IFERROR( N80/(N80+D80),0 ) -> 0.9085946 | S80: =IF($S$4="", SUMIFS('무신사 메타 광고'!$L:$L, '무신사 메타 광고'!$C:$C, $R80),SUMIFS('무신사 메타 광고'!L:L,'무신사 메타 광고'!$I:$I,$S$4,'무신사 메타 광고'!$C:$C,$R80)) -> 0 | T80: =IF($S$4="", SUMIFS('무신사 메타 광고'!$V:$V, '무신사 메타 광고'!$C:$C, $R80),SUMIFS('무신사 메타 광고'!$V:$V,'무신사 메타 광고'!$I:$I,$S$4,'무신사 메타 광고'!$C:$C,$R80)) -> 0 | U80: =IFERROR(T80/S80,0) -> 0 | V80: =IF( IFERROR(IF(U79=0, 0, (U80 - U79) / U79), 0)=0," ",IFERROR(IF(U79=0, 0, (U80 - U79) / U79), 0)) | W80: =IF($S$4="", SUMIFS('무신사 메타 광고'!$K:$K, '무신사 메타 광고'!$C:$C, $R80),SUMIFS('무신사 메타 광고'!$K:$K,'무신사 메타 광고'!$I:$I,$S$4,'무신사 메타 광고'!$C:$C,$R80)) -> 0 | X80: =IF($S$4="", SUMIFS('무신사 메타 광고'!$N:$N, '무신사 메타 광고'!$C:$C, $R80),SUMIFS('무신사 메타 광고'!$N:$N,'무신사 메타 광고'!$I:$I,$S$4,'무신사 메타 광고'!$C:$C,$R80)) -> 0 | Y80: =IFERROR(X80/W80,0) -> 0 | Z80: =IF( IFERROR(IF(Y79=0, 0, (Y80 - Y79) / Y79), 0)=0," ",IFERROR(IF(Y79=0, 0, (Y80 - Y79) / Y79), 0)) | AB80: =IF($S$4="", SUMIFS('무신사 메타 광고'!$X:$X, '무신사 메타 광고'!$C:$C, $R80),SUMIFS('무신사 메타 광고'!$X:$X,'무신사 메타 광고'!$I:$I,$S$4,'무신사 메타 광고'!$C:$C,$R80)) -> 0 | AC80: =IFERROR( AB80/(AB80+T80),0 ) -> 0
A81: 10 | B81: =IFERROR(__xludf.DUMMYFUNCTION("""COMPUTED_VALUE"""),46185) -> 46185 | C81: =IF($C$4="", SUMIFS('무신사 메타 광고'!$L:$L, '무신사 메타 광고'!$D:$D, $B81), SUMIFS('무신사 메타 광고'!$L:$L, '무신사 메타 광고'!$I:$I, $C$4, '무신사 메타 광고'!$D:$D, $B81)) -> 67681 | D81: =IF($C$4="", SUMIFS('무신사 메타 광고'!$V:$V, '무신사 메타 광고'!$D:$D, $B81), SUMIFS('무신사 메타 광고'!$V:$V,'무신사 메타 광고'!$I:$I,$C$4,'무신사 메타 광고'!$D:$D,$B81)) -> 427000 | E81: =IFERROR(D81/C81,0) -> 6.3090084 | F81: =IF( IFERROR(IF(E80=0, 0, (E81 - E80) / E80), 0)=0," ",IFERROR(IF(E80=0, 0, (E81 - E80) / E80), 0)) -> -0.37345613 | G81: =IF($C$4="", SUMIFS('무신사 메타 광고'!$K:$K, '무신사 메타 광고'!$D:$D, $B81), SUMIFS('무신사 메타 광고'!$K:$K,'무신사 메타 광고'!$I:$I,$C$4,'무신사 메타 광고'!D:D,$B81)) -> 10439 | H81: =IF($C$4="", SUMIFS('무신사 메타 광고'!$N:$N, '무신사 메타 광고'!$D:$D, $B81),SUMIFS('무신사 메타 광고'!$N:$N,'무신사 메타 광고'!$I:$I,$C$4,'무신사 메타 광고'!$D:$D,$B81)) -> 320 | I81: =IF($C$4="", SUMIFS('무신사 메타 광고'!$U:$U, '무신사 메타 광고'!$D:$D, $B81),SUMIFS('무신사 메타 광고'!$U:$U,'무신사 메타 광고'!$I:$I,$C$4,'무신사 메타 광고'!$D:$D,$B81)) -> 3 | J81: =IFERROR( I81/H81,0) -> 0.009375 | K81: =IFERROR(H81/G81,0) -> 0.030654277 | L81: =IF( IFERROR(IF(K80=0, 0, (K81 - K80) / K80), 0)=0," ",IFERROR(IF(K80=0, 0, (K81 - K80) / K80), 0)) -> 0.1937465 | N81: =IF($C$4="", SUMIFS('무신사 메타 광고'!$X:$X, '무신사 메타 광고'!$D:$D, $B81),SUMIFS('무신사 메타 광고'!$X:$X,'무신사 메타 광고'!I:I,$C$4,'무신사 메타 광고'!D:D,$B81)) -> 4522800 | O81: =IFERROR( N81/(N81+D81),0 ) -> 0.91373389 | S81: =IF($S$4="", SUMIFS('무신사 메타 광고'!$L:$L, '무신사 메타 광고'!$C:$C, $R81),SUMIFS('무신사 메타 광고'!L:L,'무신사 메타 광고'!$I:$I,$S$4,'무신사 메타 광고'!$C:$C,$R81)) -> 0 | T81: =IF($S$4="", SUMIFS('무신사 메타 광고'!$V:$V, '무신사 메타 광고'!$C:$C, $R81),SUMIFS('무신사 메타 광고'!$V:$V,'무신사 메타 광고'!$I:$I,$S$4,'무신사 메타 광고'!$C:$C,$R81)) -> 0 | U81: =IFERROR(T81/S81,0) -> 0 | V81: =IF( IFERROR(IF(U80=0, 0, (U81 - U80) / U80), 0)=0," ",IFERROR(IF(U80=0, 0, (U81 - U80) / U80), 0)) | W81: =IF($S$4="", SUMIFS('무신사 메타 광고'!$K:$K, '무신사 메타 광고'!$C:$C, $R81),SUMIFS('무신사 메타 광고'!$K:$K,'무신사 메타 광고'!$I:$I,$S$4,'무신사 메타 광고'!$C:$C,$R81)) -> 0 | X81: =IF($S$4="", SUMIFS('무신사 메타 광고'!$N:$N, '무신사 메타 광고'!$C:$C, $R81),SUMIFS('무신사 메타 광고'!$N:$N,'무신사 메타 광고'!$I:$I,$S$4,'무신사 메타 광고'!$C:$C,$R81)) -> 0 | Y81: =IFERROR(X81/W81,0) -> 0 | Z81: =IF( IFERROR(IF(Y80=0, 0, (Y81 - Y80) / Y80), 0)=0," ",IFERROR(IF(Y80=0, 0, (Y81 - Y80) / Y80), 0)) | AB81: =IF($S$4="", SUMIFS('무신사 메타 광고'!$X:$X, '무신사 메타 광고'!$C:$C, $R81),SUMIFS('무신사 메타 광고'!$X:$X,'무신사 메타 광고'!$I:$I,$S$4,'무신사 메타 광고'!$C:$C,$R81)) -> 0 | AC81: =IFERROR( AB81/(AB81+T81),0 ) -> 0
A82: 10 | B82: =IFERROR(__xludf.DUMMYFUNCTION("""COMPUTED_VALUE"""),46186) -> 46186 | C82: =IF($C$4="", SUMIFS('무신사 메타 광고'!$L:$L, '무신사 메타 광고'!$D:$D, $B82), SUMIFS('무신사 메타 광고'!$L:$L, '무신사 메타 광고'!$I:$I, $C$4, '무신사 메타 광고'!$D:$D, $B82)) -> 87152 | D82: =IF($C$4="", SUMIFS('무신사 메타 광고'!$V:$V, '무신사 메타 광고'!$D:$D, $B82), SUMIFS('무신사 메타 광고'!$V:$V,'무신사 메타 광고'!$I:$I,$C$4,'무신사 메타 광고'!$D:$D,$B82)) -> 710000 | E82: =IFERROR(D82/C82,0) -> 8.1466862 | F82: =IF( IFERROR(IF(E81=0, 0, (E82 - E81) / E81), 0)=0," ",IFERROR(IF(E81=0, 0, (E82 - E81) / E81), 0)) -> 0.29127839 | G82: =IF($C$4="", SUMIFS('무신사 메타 광고'!$K:$K, '무신사 메타 광고'!$D:$D, $B82), SUMIFS('무신사 메타 광고'!$K:$K,'무신사 메타 광고'!$I:$I,$C$4,'무신사 메타 광고'!D:D,$B82)) -> 15549 | H82: =IF($C$4="", SUMIFS('무신사 메타 광고'!$N:$N, '무신사 메타 광고'!$D:$D, $B82),SUMIFS('무신사 메타 광고'!$N:$N,'무신사 메타 광고'!$I:$I,$C$4,'무신사 메타 광고'!$D:$D,$B82)) -> 471 | I82: =IF($C$4="", SUMIFS('무신사 메타 광고'!$U:$U, '무신사 메타 광고'!$D:$D, $B82),SUMIFS('무신사 메타 광고'!$U:$U,'무신사 메타 광고'!$I:$I,$C$4,'무신사 메타 광고'!$D:$D,$B82)) -> 8 | J82: =IFERROR( I82/H82,0) -> 0.016985138 | K82: =IFERROR(H82/G82,0) -> 0.030291337 | L82: =IF( IFERROR(IF(K81=0, 0, (K82 - K81) / K81), 0)=0," ",IFERROR(IF(K81=0, 0, (K82 - K81) / K81), 0)) -> -0.011839789 | N82: =IF($C$4="", SUMIFS('무신사 메타 광고'!$X:$X, '무신사 메타 광고'!$D:$D, $B82),SUMIFS('무신사 메타 광고'!$X:$X,'무신사 메타 광고'!I:I,$C$4,'무신사 메타 광고'!D:D,$B82)) -> 9755350 | O82: =IFERROR( N82/(N82+D82),0 ) -> 0.93215707 | S82: =IF($S$4="", SUMIFS('무신사 메타 광고'!$L:$L, '무신사 메타 광고'!$C:$C, $R82),SUMIFS('무신사 메타 광고'!L:L,'무신사 메타 광고'!$I:$I,$S$4,'무신사 메타 광고'!$C:$C,$R82)) -> 0 | T82: =IF($S$4="", SUMIFS('무신사 메타 광고'!$V:$V, '무신사 메타 광고'!$C:$C, $R82),SUMIFS('무신사 메타 광고'!$V:$V,'무신사 메타 광고'!$I:$I,$S$4,'무신사 메타 광고'!$C:$C,$R82)) -> 0 | U82: =IFERROR(T82/S82,0) -> 0 | V82: =IF( IFERROR(IF(U81=0, 0, (U82 - U81) / U81), 0)=0," ",IFERROR(IF(U81=0, 0, (U82 - U81) / U81), 0)) | W82: =IF($S$4="", SUMIFS('무신사 메타 광고'!$K:$K, '무신사 메타 광고'!$C:$C, $R82),SUMIFS('무신사 메타 광고'!$K:$K,'무신사 메타 광고'!$I:$I,$S$4,'무신사 메타 광고'!$C:$C,$R82)) -> 0 | X82: =IF($S$4="", SUMIFS('무신사 메타 광고'!$N:$N, '무신사 메타 광고'!$C:$C, $R82),SUMIFS('무신사 메타 광고'!$N:$N,'무신사 메타 광고'!$I:$I,$S$4,'무신사 메타 광고'!$C:$C,$R82)) -> 0 | Y82: =IFERROR(X82/W82,0) -> 0 | Z82: =IF( IFERROR(IF(Y81=0, 0, (Y82 - Y81) / Y81), 0)=0," ",IFERROR(IF(Y81=0, 0, (Y82 - Y81) / Y81), 0)) | AB82: =IF($S$4="", SUMIFS('무신사 메타 광고'!$X:$X, '무신사 메타 광고'!$C:$C, $R82),SUMIFS('무신사 메타 광고'!$X:$X,'무신사 메타 광고'!$I:$I,$S$4,'무신사 메타 광고'!$C:$C,$R82)) -> 0 | AC82: =IFERROR( AB82/(AB82+T82),0 ) -> 0
A83: 10 | B83: =IFERROR(__xludf.DUMMYFUNCTION("""COMPUTED_VALUE"""),46187) -> 46187 | C83: =IF($C$4="", SUMIFS('무신사 메타 광고'!$L:$L, '무신사 메타 광고'!$D:$D, $B83), SUMIFS('무신사 메타 광고'!$L:$L, '무신사 메타 광고'!$I:$I, $C$4, '무신사 메타 광고'!$D:$D, $B83)) -> 120860 | D83: =IF($C$4="", SUMIFS('무신사 메타 광고'!$V:$V, '무신사 메타 광고'!$D:$D, $B83), SUMIFS('무신사 메타 광고'!$V:$V,'무신사 메타 광고'!$I:$I,$C$4,'무신사 메타 광고'!$D:$D,$B83)) -> 2779800 | E83: =IFERROR(D83/C83,0) -> 23.000165 | F83: =IF( IFERROR(IF(E82=0, 0, (E83 - E82) / E82), 0)=0," ",IFERROR(IF(E82=0, 0, (E83 - E82) / E82), 0)) -> 1.8232541 | G83: =IF($C$4="", SUMIFS('무신사 메타 광고'!$K:$K, '무신사 메타 광고'!$D:$D, $B83), SUMIFS('무신사 메타 광고'!$K:$K,'무신사 메타 광고'!$I:$I,$C$4,'무신사 메타 광고'!D:D,$B83)) -> 16941 | H83: =IF($C$4="", SUMIFS('무신사 메타 광고'!$N:$N, '무신사 메타 광고'!$D:$D, $B83),SUMIFS('무신사 메타 광고'!$N:$N,'무신사 메타 광고'!$I:$I,$C$4,'무신사 메타 광고'!$D:$D,$B83)) -> 549 | I83: =IF($C$4="", SUMIFS('무신사 메타 광고'!$U:$U, '무신사 메타 광고'!$D:$D, $B83),SUMIFS('무신사 메타 광고'!$U:$U,'무신사 메타 광고'!$I:$I,$C$4,'무신사 메타 광고'!$D:$D,$B83)) -> 23 | J83: =IFERROR( I83/H83,0) -> 0.041894353 | K83: =IFERROR(H83/G83,0) -> 0.032406588 | L83: =IF( IFERROR(IF(K82=0, 0, (K83 - K82) / K82), 0)=0," ",IFERROR(IF(K82=0, 0, (K83 - K82) / K82), 0)) -> 0.069830213 | N83: =IF($C$4="", SUMIFS('무신사 메타 광고'!$X:$X, '무신사 메타 광고'!$D:$D, $B83),SUMIFS('무신사 메타 광고'!$X:$X,'무신사 메타 광고'!I:I,$C$4,'무신사 메타 광고'!D:D,$B83)) -> 15525900 | O83: =IFERROR( N83/(N83+D83),0 ) -> 0.84814566 | S83: =IF($S$4="", SUMIFS('무신사 메타 광고'!$L:$L, '무신사 메타 광고'!$C:$C, $R83),SUMIFS('무신사 메타 광고'!L:L,'무신사 메타 광고'!$I:$I,$S$4,'무신사 메타 광고'!$C:$C,$R83)) -> 0 | T83: =IF($S$4="", SUMIFS('무신사 메타 광고'!$V:$V, '무신사 메타 광고'!$C:$C, $R83),SUMIFS('무신사 메타 광고'!$V:$V,'무신사 메타 광고'!$I:$I,$S$4,'무신사 메타 광고'!$C:$C,$R83)) -> 0 | U83: =IFERROR(T83/S83,0) -> 0 | V83: =IF( IFERROR(IF(U82=0, 0, (U83 - U82) / U82), 0)=0," ",IFERROR(IF(U82=0, 0, (U83 - U82) / U82), 0)) | W83: =IF($S$4="", SUMIFS('무신사 메타 광고'!$K:$K, '무신사 메타 광고'!$C:$C, $R83),SUMIFS('무신사 메타 광고'!$K:$K,'무신사 메타 광고'!$I:$I,$S$4,'무신사 메타 광고'!$C:$C,$R83)) -> 0 | X83: =IF($S$4="", SUMIFS('무신사 메타 광고'!$N:$N, '무신사 메타 광고'!$C:$C, $R83),SUMIFS('무신사 메타 광고'!$N:$N,'무신사 메타 광고'!$I:$I,$S$4,'무신사 메타 광고'!$C:$C,$R83)) -> 0 | Y83: =IFERROR(X83/W83,0) -> 0 | Z83: =IF( IFERROR(IF(Y82=0, 0, (Y83 - Y82) / Y82), 0)=0," ",IFERROR(IF(Y82=0, 0, (Y83 - Y82) / Y82), 0)) | AB83: =IF($S$4="", SUMIFS('무신사 메타 광고'!$X:$X, '무신사 메타 광고'!$C:$C, $R83),SUMIFS('무신사 메타 광고'!$X:$X,'무신사 메타 광고'!$I:$I,$S$4,'무신사 메타 광고'!$C:$C,$R83)) -> 0 | AC83: =IFERROR( AB83/(AB83+T83),0 ) -> 0
A84: 10 | B84: =IFERROR(__xludf.DUMMYFUNCTION("""COMPUTED_VALUE"""),46188) -> 46188 | C84: =IF($C$4="", SUMIFS('무신사 메타 광고'!$L:$L, '무신사 메타 광고'!$D:$D, $B84), SUMIFS('무신사 메타 광고'!$L:$L, '무신사 메타 광고'!$I:$I, $C$4, '무신사 메타 광고'!$D:$D, $B84)) -> 124585 | D84: =IF($C$4="", SUMIFS('무신사 메타 광고'!$V:$V, '무신사 메타 광고'!$D:$D, $B84), SUMIFS('무신사 메타 광고'!$V:$V,'무신사 메타 광고'!$I:$I,$C$4,'무신사 메타 광고'!$D:$D,$B84)) -> 4973000 | E84: =IFERROR(D84/C84,0) -> 39.916523 | F84: =IF( IFERROR(IF(E83=0, 0, (E84 - E83) / E83), 0)=0," ",IFERROR(IF(E83=0, 0, (E84 - E83) / E83), 0)) -> 0.73548851 | G84: =IF($C$4="", SUMIFS('무신사 메타 광고'!$K:$K, '무신사 메타 광고'!$D:$D, $B84), SUMIFS('무신사 메타 광고'!$K:$K,'무신사 메타 광고'!$I:$I,$C$4,'무신사 메타 광고'!D:D,$B84)) -> 33708 | H84: =IF($C$4="", SUMIFS('무신사 메타 광고'!$N:$N, '무신사 메타 광고'!$D:$D, $B84),SUMIFS('무신사 메타 광고'!$N:$N,'무신사 메타 광고'!$I:$I,$C$4,'무신사 메타 광고'!$D:$D,$B84)) -> 760 | I84: =IF($C$4="", SUMIFS('무신사 메타 광고'!$U:$U, '무신사 메타 광고'!$D:$D, $B84),SUMIFS('무신사 메타 광고'!$U:$U,'무신사 메타 광고'!$I:$I,$C$4,'무신사 메타 광고'!$D:$D,$B84)) -> 45 | J84: =IFERROR( I84/H84,0) -> 0.059210526 | K84: =IFERROR(H84/G84,0) -> 0.022546576 | L84: =IF( IFERROR(IF(K83=0, 0, (K84 - K83) / K83), 0)=0," ",IFERROR(IF(K83=0, 0, (K84 - K83) / K83), 0)) -> -0.30425947 | N84: =IF($C$4="", SUMIFS('무신사 메타 광고'!$X:$X, '무신사 메타 광고'!$D:$D, $B84),SUMIFS('무신사 메타 광고'!$X:$X,'무신사 메타 광고'!I:I,$C$4,'무신사 메타 광고'!D:D,$B84)) -> 13890850 | O84: =IFERROR( N84/(N84+D84),0 ) -> 0.73637407 | S84: =IF($S$4="", SUMIFS('무신사 메타 광고'!$L:$L, '무신사 메타 광고'!$C:$C, $R84),SUMIFS('무신사 메타 광고'!L:L,'무신사 메타 광고'!$I:$I,$S$4,'무신사 메타 광고'!$C:$C,$R84)) -> 0 | T84: =IF($S$4="", SUMIFS('무신사 메타 광고'!$V:$V, '무신사 메타 광고'!$C:$C, $R84),SUMIFS('무신사 메타 광고'!$V:$V,'무신사 메타 광고'!$I:$I,$S$4,'무신사 메타 광고'!$C:$C,$R84)) -> 0 | U84: =IFERROR(T84/S84,0) -> 0 | V84: =IF( IFERROR(IF(U83=0, 0, (U84 - U83) / U83), 0)=0," ",IFERROR(IF(U83=0, 0, (U84 - U83) / U83), 0)) | W84: =IF($S$4="", SUMIFS('무신사 메타 광고'!$K:$K, '무신사 메타 광고'!$C:$C, $R84),SUMIFS('무신사 메타 광고'!$K:$K,'무신사 메타 광고'!$I:$I,$S$4,'무신사 메타 광고'!$C:$C,$R84)) -> 0 | X84: =IF($S$4="", SUMIFS('무신사 메타 광고'!$N:$N, '무신사 메타 광고'!$C:$C, $R84),SUMIFS('무신사 메타 광고'!$N:$N,'무신사 메타 광고'!$I:$I,$S$4,'무신사 메타 광고'!$C:$C,$R84)) -> 0 | Y84: =IFERROR(X84/W84,0) -> 0 | Z84: =IF( IFERROR(IF(Y83=0, 0, (Y84 - Y83) / Y83), 0)=0," ",IFERROR(IF(Y83=0, 0, (Y84 - Y83) / Y83), 0)) | AB84: =IF($S$4="", SUMIFS('무신사 메타 광고'!$X:$X, '무신사 메타 광고'!$C:$C, $R84),SUMIFS('무신사 메타 광고'!$X:$X,'무신사 메타 광고'!$I:$I,$S$4,'무신사 메타 광고'!$C:$C,$R84)) -> 0 | AC84: =IFERROR( AB84/(AB84+T84),0 ) -> 0
